id_cliente,genero,regiao,faixa_etaria,renda_mensal,score_bureau,tempo_emprego_meses,y_real,score_modelo_v1,pred_v1,score_modelo_v2,pred_v2,obs_internas
C00001,F,Sudeste,60+,5555.61,804,251,1,0.997389,1,0.97092,1,
C00002,M,Sul,18-25,2288.53,793,7,1,0.540415,1,0.819357,1,
C00003,M,Sudeste,26-40,3504.17,598,66,1,0.424405,0,0.512062,1,
C00004,M,Sudeste,18-25,1985.32,594,29,0,0.190167,0,0.363103,0,
C00005,F,Nordeste,18-25,2641.19,740,12,1,0.481797,0,0.756537,1,
C00006,F,Norte,18-25,2083.1,663,12,1,0.151451,0,0.359601,0,
C00007,F,Nordeste,18-25,1000.0,499,0,0,0.039136,0,0.123089,0,
C00008,M,Sudeste,26-40,3698.24,596,66,1,0.26656,0,0.330631,0,
C00009,F,Sudeste,26-40,2248.31,565,25,0,0.21129,0,0.408495,0,
C00010,F,Sudeste,18-25,1611.14,632,0,0,0.170987,0,0.442531,0,
C00011,M,Nordeste,26-40,1349.25,indisponivel,85,0,0.0668,0,0.058313,0,
C00012,M,Sudeste,26-40,1387.18,480,46,0,0.071077,0,0.114739,0,
C00013,M,Sudeste,26-40,2893.33,608,136,1,0.730022,1,0.555905,1,
C00014,F,Sudeste,41-60,3064.23,564,81,0,0.331748,0,0.33968,0,
C00015,F,Nordeste,26-40,3480.84,561,0,0,0.25761,0,0.579972,1,
C00016,F,Sudeste,18-25,1079.85,696,0,0,0.123713,0,0.351256,0,
C00017,F,Nordeste,26-40,2581.53,670,48,1,0.463947,0,0.623216,1,
C00018,M,Norte,18-25,1777.73,646,64,1,0.341531,0,0.423478,0,
C00019,F,Sudeste,41-60,3606.73,581,146,1,0.709927,1,0.493071,0,
C00020,F,Norte,41-60,2915.04,568,129,0,0.621827,1,0.454774,0,
C00021,,Centro-Oeste,41-60,3735.44,487,143,0,0.313176,0,0.147417,0,
C00022,,Sudeste,18-25,1098.68,513,0,0,0.06976,0,0.207919,0,
C00023,,Sudeste,41-60,3142.37,517,142,0,0.616014,1,0.393769,0,
C00024,F,Sudeste,26-40,3461.34,687,34,1,0.633773,1,0.810515,1,
C00025,M,Nordeste,26-40,3055.0,655,69,0,0.554061,1,0.631588,1,
C00026,M,Sudeste,41-60,5198.84,682,170,1,0.935793,1,0.811506,1,
C00027,F,Sul,26-40,3180.75,772,53,1,0.773365,1,0.866031,1,
C00028,F,Nordeste,41-60,4267.14,638,184,1,0.937019,1,0.77173,1,
C00029,M,Sul,26-40,5083.79,663,80,1,0.795062,1,0.825346,1,
C00030,F,Norte,18-25,1705.12,601,0,0,0.12605,0,0.35452,0,
C00031,M,Sul,18-25,,697,29,1,0.51162,1,0.732268,1,
C00032,F,Sudeste,26-40,4115.28,643,16,1,0.272581,0,0.537998,1,
C00033,M,Nordeste,26-40,1536.32,592,35,0,0.196997,0,0.345813,0,
C00034,M,Norte,26-40,2174.97,647,26,1,0.311278,0,0.543785,1,
C00035,F,Nordeste,26-40,1900.37,626,46,1,0.204442,0,0.325359,0,
C00036,M,Nordeste,18-25,1184.51,782,50,1,0.596297,1,0.72962,1,
C00037,F,Sudeste,60+,1815.2,537,195,0,0.428069,0,0.106754,0,
C00038,M,Sudeste,26-40,2146.73,406,78,0,0.041837,0,0.040687,0,
C00039,M,Nordeste,18-25,2510.48,750,52,1,0.766412,1,0.859417,1,
C00040,F,Centro-Oeste,41-60,5973.02,760,148,1,0.971431,1,0.937512,1,
C00041,M,Sudeste,60+,-1500.0,627,240,1,0.971269,1,0.766432,1,
C00042,M,Nordeste,60+,8134.27,1500,180,1,0.962941,1,0.870673,1,
C00043,M,Sul,26-40,2590.55,760,148,1,1.7,1,0.879757,1,
C00044,M,Nordeste,18-25,4332.53,670,49,0,0.480062,0,0.645347,1,
C00045,M,Centro-Oeste,41-60,2654.77,562,149,1,0.492481,0,0.252056,0,
C00046,F,Sudeste,26-40,2327.61,462,0,0,0.032958,0,0.105797,0,
C00047,F,Sudeste,41-60,16110.61,856,170,1,0.991082,1,0.975433,1,
C00048,M,Sudeste,18-25,1168.16,561,7,0,0.079566,0,0.218128,0,
C00049,F,Sudeste,18-25,1105.61,587,0,0,0.033786,0,0.107903,0,
C00050,M,Sudeste,41-60,6157.73,797,226,1,0.994155,1,0.956964,1,
C00051,f,Norte,18-25,1120.43,511,2,0,0.014632,0,0.045742,0,
C00052,F,Sudeste ,41-60,4380.8,580,106,1,0.533054,1,0.465433,0,
C00053,M,Sudeste,41-60,2461.78,514,135,1,0.456571,2,0.270769,0,
C00054,F,Nordeste,26-40,2618.01,495,0,0,0.03897,0,0.126388,0,
C00055,M,Sudeste,41-60,5013.44,640,205,1,0.968695,1,0.83653,1,
C00056,F,Nordeste,41-60,4738.27,662,135,0,0.842959,1,0.730652,1,
C00057,F,Sudeste,41-60,3363.51,558,104,1,0.638431,1,0.573082,1,
C00058,F,Sul,26-40,5025.92,644,45,1,0.549153,1,0.718968,1,
C00059,M,Sudeste,41-60,1767.87,539,197,0,0.463344,0,0.117679,0,
C00060,M,Nordeste,26-40,1855.29,619,84,0,0.202998,0,0.198296,0,
C00060,M,Nordeste,41-60,10232.23,695,150,1,0.962147,1,0.916904,1,
C00062,F,Norte,41-60,1889.54,433,119,0,0.063075,0,0.033059,0,
C00063,M,Sudeste,41-60,6416.82,612,125,0,0.833262,1,0.747834,1,
C00064,F,Sudeste,41-60,2988.31,676,75,1,0.608467,1,0.662904,1,
C00065,F,Sul,60+,10588.16,713,210,1,0.988434,1,0.935448,1,
C00066,F,Sudeste,41-60,4593.06,534,143,0,0.457219,0,0.249972,0,
C00067,F,Nordeste,26-40,3971.65,517,20,0,0.084345,0,0.208909,0,
C00068,F,Norte,41-60,2442.93,461,95,0,0.253436,0,0.215905,0,
C00069,F,Nordeste,41-60,1630.41,535,106,0,0.147576,0,0.10097,0,
C00070,F,Sudeste,26-40,3195.44,652,101,1,0.765761,1,0.731278,1,
C00071,F,Sudeste,18-25,1712.55,579,0,0,0.050873,0,0.161127,0,
C00072,F,Nordeste,26-40,2453.8,566,3,1,0.04521,0,0.142381,0,
C00073,F,Sudeste,26-40,3121.41,662,58,0,0.612563,1,0.723144,1,
C00074,M,Sudeste,60+,6107.57,676,273,1,0.994274,1,0.910053,1,
C00075,M,Sudeste,18-25,1587.8,661,35,0,0.132857,0,0.245963,0,
C00076,F,Nordeste,26-40,1797.67,504,14,1,0.046051,0,0.118115,0,
C00077,F,Nordeste,41-60,2094.28,454,109,0,0.097792,0,0.061749,0,
C00078,F,Sul,18-25,1254.42,600,39,0,0.159692,0,0.274775,0,
C00079,M,Norte,18-25,1459.25,524,0,0,0.024376,0,0.07904,0,
C00080,F,Sudeste,18-25,1095.25,577,0,1,0.039715,0,0.130061,0,
C00081,F,Sul,26-40,2662.94,547,2,0,0.155766,0,0.408067,0,
C00082,F,Sul,26-40,3441.98,501,0,0,0.089135,0,0.273961,0,
C00083,M,Nordeste,26-40,5736.16,726,64,1,0.702049,1,0.786028,1,
C00084,M,Norte,18-25,2491.67,641,4,1,0.260116,0,0.570217,1,
C00085,F,Sudeste,26-40,1524.52,510,1,0,0.05099,0,0.159922,0,
C00086,M,Sudeste,26-40,4814.65,672,52,0,0.482048,0,0.627032,1,
C00087,M,Sudeste,41-60,3460.58,621,100,1,0.36852,0,0.317634,0,
C00088,M,Nordeste,26-40,2918.78,551,74,0,0.200737,0,0.223393,0,
C00089,M,Sudeste,18-25,1508.44,623,9,0,0.205442,0,0.460529,0,
C00090,F,Sudeste,18-25,1985.23,668,55,0,0.488953,0,0.614844,1,
C00091,M,Nordeste,26-40,2786.13,568,58,0,0.285967,0,0.384383,0,
C00092,F,Nordeste,41-60,4000.96,696,138,1,0.890809,1,0.797537,1,
C00093,F,Nordeste,41-60,5876.8,548,150,0,0.802758,1,0.609357,1,
C00094,M,Nordeste,60+,5768.57,616,237,1,0.968159,1,0.751698,1,
C00095,M,Sudeste,26-40,1954.13,548,48,0,0.285749,0,0.412064,0,
C00096,F,Sudeste,26-40,2710.68,511,9,0,0.033853,0,0.098773,0,
C00097,M,Sudeste,18-25,1000.0,487,28,0,0.041956,0,0.087746,0,
C00098,M,Nordeste,41-60,4866.97,636,150,1,0.893282,1,0.767346,1,
C00099,F,Centro-Oeste,26-40,4151.05,511,12,1,0.121042,0,0.309707,0,
C00100,M,Nordeste,41-60,2727.6,501,95,0,0.370412,0,0.329702,0,
C00101,M,Centro-Oeste,60+,3213.55,539,227,0,0.783782,1,0.268514,0,
C00102,F,Centro-Oeste,26-40,3454.98,580,71,0,0.345045,0,0.39468,0,
C00103,F,Norte,41-60,7316.15,728,184,1,0.990313,1,0.962303,1,
C00104,F,Nordeste,26-40,7228.57,701,37,0,0.528327,1,0.729909,1,
C00105,M,Sudeste,18-25,1169.09,588,62,0,0.205973,0,0.261759,0,
C00106,F,Sudeste,26-40,2457.81,597,49,0,0.429639,0,0.576155,1,
C00107,M,Sudeste,41-60,4509.36,671,168,1,0.926777,1,0.791186,1,
C00108,F,Sudeste,41-60,4496.94,559,73,0,0.206796,0,0.240525,0,
C00109,M,Sul,26-40,5426.17,588,45,1,0.463138,0,0.639422,1,
C00110,M,Sudeste,26-40,5073.63,749,91,1,0.918974,1,0.923767,1,
C00111,F,Sudeste,26-40,5393.26,758,70,1,0.865628,1,0.906564,1,
C00112,F,Sudeste,41-60,5758.51,666,142,1,0.86474,1,0.737159,1,
C00113,M,Sudeste,26-40,3160.62,608,109,0,0.584432,1,0.501823,1,
C00114,M,Sudeste,26-40,2669.48,737,81,0,0.800302,1,0.82479,1,
C00115,M,Sul,60+,4050.16,615,230,0,0.969211,1,0.772258,1,
C00116,M,Nordeste,26-40,1478.51,557,70,1,0.096876,0,0.109929,0,
C00117,M,Sudeste,26-40,6097.31,585,91,1,0.673925,1,0.673811,1,
C00118,F,Sudeste,41-60,2943.83,655,93,1,0.61261,1,0.597725,1,
C00119,M,Sudeste,41-60,4659.43,612,145,1,0.761171,1,0.572249,1,
C00120,F,Nordeste,26-40,1412.01,561,44,1,0.168069,0,0.26936,0,
C00121,F,Sul,26-40,2706.99,550,0,0,0.050675,0,0.16418,0,
C00122,M,Nordeste,26-40,7186.38,770,92,1,0.901327,1,0.909239,1,
C00123,M,Sul,26-40,1932.43,562,51,1,0.304286,0,0.423652,0,
C00124,F,Sudeste,60+,3964.97,647,171,0,0.943522,1,0.823214,1,
C00125,M,Centro-Oeste,26-40,3928.35,591,34,0,0.323441,0,0.532351,1,
C00126,M,Sudeste,18-25,1800.52,613,0,0,0.154892,0,0.413716,0,
C00127,M,Sudeste,41-60,5457.48,489,148,1,0.390328,0,0.188495,0,
C00128,F,Sudeste,26-40,1275.44,513,0,0,0.047929,0,0.151535,0,
C00129,F,Sudeste,26-40,3766.71,452,5,0,0.051914,0,0.160928,0,
C00130,F,Sul,26-40,2707.61,592,56,0,0.392573,0,0.512224,1,
C00131,M,Sul,26-40,2743.08,532,28,0,0.073789,0,0.157178,0,
C00132,F,Sudeste,41-60,4779.32,526,143,1,0.568322,1,0.353729,0,
C00133,F,Norte,41-60,2481.54,592,127,1,0.419687,0,0.264377,0,
C00134,F,Sudeste,26-40,2906.28,649,27,1,0.428657,0,0.66678,1,
C00135,M,Nordeste,26-40,2815.31,579,63,1,0.393089,0,0.484227,0,
C00136,M,Sul,41-60,2539.22,618,118,0,0.563868,1,0.429399,0,
C00137,M,Sudeste,18-25,1420.97,636,0,0,0.087651,0,0.268119,0,
C00138,F,Nordeste,41-60,3328.04,634,144,1,0.755477,1,0.563825,1,
C00139,F,Nordeste,26-40,4004.34,605,104,0,0.741234,1,0.693776,1,
C00140,M,Nordeste,41-60,3751.41,576,135,0,0.65473,1,0.47321,0,
C00141,F,Sudeste,26-40,2668.17,703,83,1,0.814035,1,0.830386,1,
C00142,M,Sudeste,26-40,6206.72,750,56,1,0.825291,1,0.899614,1,
C00143,F,Sudeste,41-60,7626.78,628,139,0,0.878242,1,0.778256,1,
C00144,F,Sudeste,26-40,1000.0,520,0,0,0.040111,0,0.127059,0,
C00145,M,Nordeste,26-40,2965.39,515,67,0,0.168034,0,0.202671,0,
C00146,M,Sul,41-60,11572.07,739,182,1,0.990296,1,0.964991,1,
C00147,M,Nordeste,26-40,2777.3,622,43,0,0.385546,0,0.560498,1,
C00148,F,Sudeste,26-40,6685.41,788,85,1,0.937359,1,0.948421,1,
C00149,M,Sul,60+,2924.95,608,253,0,0.943069,1,0.545172,1,
C00150,M,Centro-Oeste,18-25,2012.72,651,0,1,0.188487,0,0.479403,0,
C00151,M,Nordeste,41-60,3195.01,645,187,1,0.893874,1,0.640848,1,
C00152,F,Nordeste,41-60,1645.89,579,131,0,0.458342,0,0.284272,0,
C00153,M,Centro-Oeste,26-40,4954.25,668,76,1,0.773031,1,0.815551,1,
C00154,F,Nordeste,41-60,2117.05,498,107,0,0.149627,0,0.101432,0,
C00155,F,Nordeste,26-40,3599.03,552,14,0,0.15277,0,0.364541,0,
C00156,F,Nordeste,41-60,4512.13,562,136,1,0.719128,1,0.546523,1,
C00157,M,Sudeste,41-60,4185.1,676,150,1,0.898506,1,0.778358,1,
C00158,M,Sudeste,41-60,3856.61,577,144,0,0.805831,1,0.630915,1,
C00159,F,Norte,41-60,5301.14,707,118,0,0.892655,1,0.850489,1,
C00160,F,Sudeste,41-60,5154.04,598,181,1,0.899939,1,0.681156,1,
C00161,M,Nordeste,18-25,1017.39,508,0,0,0.015536,0,0.049477,0,
C00162,M,Nordeste,18-25,2395.27,612,25,0,0.156972,0,0.319863,0,
C00163,M,Sudeste,18-25,1000.0,594,85,0,0.264204,0,0.252039,0,
C00164,F,Sul,26-40,2631.29,551,42,1,0.099685,0,0.172716,0,
C00165,M,Sudeste,41-60,3174.81,683,178,0,0.961293,1,0.860799,1,
C00166,F,Sudeste,41-60,4809.31,481,56,0,0.094489,0,0.138333,0,
C00167,F,Sudeste,26-40,2641.71,565,7,0,0.231762,0,0.512194,1,
C00168,M,Sudeste,41-60,1870.48,554,77,0,0.347706,0,0.370606,0,
C00169,F,Sul,18-25,1933.86,590,0,0,0.130744,0,0.365511,0,
C00170,F,Norte,41-60,3721.72,678,86,1,0.536877,1,0.54472,1,
C00171,M,Sul,18-25,1000.0,493,0,0,0.016523,0,0.052051,0,
C00172,F,Sudeste,26-40,1999.83,577,0,0,0.056072,0,0.177392,0,
C00173,F,Sudeste,26-40,4114.42,697,97,1,0.868743,1,0.860034,1,
C00174,F,Sudeste,26-40,4323.39,616,68,0,0.517496,1,0.603317,1,
C00175,F,Norte,41-60,4838.56,548,62,0,0.472286,0,0.576682,1,
C00176,F,Norte,26-40,2800.62,608,30,0,0.135262,0,0.269731,0,
C00177,M,Sul,18-25,2187.66,751,20,1,0.448056,0,0.702609,1,
C00178,M,Sul,26-40,1389.27,561,23,1,0.158578,0,0.323986,0,
C00179,M,Sudeste,60+,4547.02,543,210,1,0.884274,1,0.524136,1,
C00180,F,Nordeste,26-40,2629.32,715,37,1,0.588071,1,0.769015,1,
C00181,M,Sudeste,41-60,8266.33,829,194,1,0.991448,1,0.963352,1,
C00182,F,Sudeste,41-60,7647.15,623,78,1,0.771626,1,0.811992,1,
C00183,M,Nordeste,41-60,4714.27,631,105,1,0.82776,1,0.793689,1,
C00184,M,Norte,41-60,4072.76,591,206,0,0.920487,1,0.643362,1,
C00185,M,Sul,60+,3020.22,570,186,0,0.877113,1,0.595371,1,
C00186,F,Sudeste,41-60,5427.14,605,168,1,0.897249,1,0.719926,1,
C00187,M,Nordeste,41-60,10862.53,762,156,1,0.984634,1,0.963379,1,
C00188,M,Sudeste,18-25,2332.9,692,0,0,0.206946,0,0.504528,1,
C00189,F,Nordeste,41-60,6021.08,646,92,1,0.776132,1,0.778459,1,
C00190,M,Norte,18-25,1862.35,665,36,1,0.314043,0,0.506227,1,
C00191,M,Sudeste,26-40,2112.15,419,62,0,0.066051,0,0.085568,0,
C00192,M,Nordeste,41-60,3223.45,521,150,1,0.611196,1,0.360208,0,
C00193,M,Nordeste,41-60,3281.88,661,125,1,0.840074,1,0.75053,1,
C00194,F,Sul,26-40,2233.37,496,10,0,0.069999,0,0.191965,0,
C00195,M,Nordeste,41-60,3192.18,476,90,0,0.134609,0,0.118254,0,
C00196,M,Centro-Oeste,41-60,6028.25,625,190,1,0.917812,1,0.692218,1,
C00197,M,Sudeste,26-40,1047.64,499,32,0,0.018907,0,0.036774,0,
C00198,F,Sudeste,18-25,2446.95,640,0,0,0.287301,0,0.617965,1,
C00199,F,Sul,26-40,4988.65,789,55,1,0.801181,1,0.885948,1,
C00200,M,Sudeste,18-25,2284.57,696,46,0,0.299356,0,0.445529,0,
C00201,F,Sudeste,26-40,2294.88,649,30,0,0.181992,0,0.345064,0,
C00202,M,Sudeste,18-25,1332.1,569,12,1,0.074249,0,0.187705,0,
C00203,M,Sudeste,41-60,7021.3,813,221,1,0.996432,1,0.975798,1,
C00204,M,Centro-Oeste,26-40,5302.92,947,74,1,0.975863,1,0.984328,1,
C00205,M,Sudeste,26-40,2182.73,548,0,0,0.065119,0,0.208871,0,
C00206,F,Centro-Oeste,41-60,7728.49,724,118,1,0.911459,1,0.87484,1,
C00207,M,Nordeste,41-60,3915.54,678,128,1,0.813635,1,0.709586,1,
C00208,F,Sudeste,41-60,3620.72,513,111,1,0.437963,0,0.342796,0,
C00209,F,Sudeste,26-40,2747.86,582,45,0,0.259938,0,0.403708,0,
C00210,F,Sudeste,41-60,4322.1,774,118,1,0.949464,1,0.928848,1,
C00211,M,Sul,26-40,4251.55,702,67,1,0.816098,1,0.869601,1,
C00212,M,Norte,18-25,1076.99,595,19,0,0.095203,0,0.220879,0,
C00213,M,Sudeste,26-40,2905.06,711,100,1,0.629645,1,0.58286,1,
C00214,F,Sudeste,26-40,2035.8,494,23,0,0.05291,0,0.124438,0,
C00215,F,Sudeste,41-60,5145.24,563,152,1,0.812111,1,0.61507,1,
C00216,F,Nordeste,60+,4266.56,549,186,0,0.840602,1,0.525979,1,
C00217,F,Sudeste,26-40,2851.24,624,27,1,0.178222,0,0.351635,0,
C00218,M,Sul,26-40,2255.8,514,69,0,0.279866,0,0.326938,0,
C00219,F,Sudeste,26-40,6113.01,763,94,1,0.942806,1,0.945053,1,
C00220,M,Sudeste,41-60,3886.0,633,134,1,0.840612,1,0.723844,1,
C00221,M,Sudeste,18-25,1000.0,403,0,0,0.014198,0,0.045139,0,
C00222,F,Nordeste,41-60,3092.41,475,92,0,0.169536,0,0.145259,0,
C00223,M,Sudeste,41-60,4894.0,520,136,1,0.559519,1,0.370913,0,
C00224,M,Sul,18-25,1711.91,610,36,0,0.193586,0,0.341596,0,
C00225,M,Sul,41-60,4866.0,528,120,0,0.389081,0,0.266744,0,
C00226,F,Norte,41-60,4584.69,672,131,1,0.864341,1,0.774682,1,
C00227,F,Sudeste,18-25,2253.31,612,40,1,0.262536,0,0.42559,0,
C00228,M,Nordeste,41-60,9412.81,783,124,1,0.980723,1,0.971934,1,
C00229,M,Sudeste,26-40,1910.54,681,67,1,0.250179,0,0.305116,0,
C00230,F,Sul,41-60,4898.84,615,95,1,0.645612,1,0.629792,1,
C00231,F,Centro-Oeste,26-40,5337.76,729,65,1,0.713505,1,0.799907,1,
C00232,F,Sudeste,41-60,5031.11,598,116,1,0.530581,1,0.416896,0,
C00233,M,Norte,18-25,1370.69,706,37,1,0.242102,0,0.411525,0,
C00234,M,Nordeste,26-40,3583.78,686,57,1,0.7485,1,0.836599,1,
C00235,F,Sul,26-40,4120.74,627,71,0,0.589292,1,0.660153,1,
C00236,M,Sudeste,26-40,1278.87,440,1,0,0.016019,0,0.051947,0,
C00237,M,Nordeste,26-40,5589.72,703,71,0,0.76764,1,0.826928,1,
C00238,F,Nordeste,41-60,8209.29,677,140,1,0.940167,1,0.885926,1,
C00239,M,Nordeste,41-60,3339.05,421,80,0,0.166362,0,0.171498,0,
C00240,M,Sudeste,41-60,3586.59,665,185,1,0.941199,1,0.781326,1,
C00241,M,Sul,26-40,3643.05,623,147,1,0.752156,1,0.548286,1,
C00242,M,Sul,41-60,2411.94,508,130,0,0.267982,0,0.142218,0,
C00243,M,Sudeste,41-60,2149.84,631,156,0,0.807498,1,0.582043,1,
C00244,F,Norte,41-60,6603.04,614,132,0,0.86365,1,0.771465,1,
C00245,F,Sudeste,60+,2322.69,584,174,0,0.758352,1,0.434975,0,
C00246,M,Sudeste,26-40,2094.75,617,82,1,0.38462,0,0.399478,0,
C00247,M,Nordeste,26-40,2640.48,626,48,1,0.342438,0,0.493734,0,
C00248,M,Norte,60+,7246.0,680,202,1,0.967644,1,0.845484,1,
C00249,M,Sudeste,18-25,2115.19,508,20,0,0.080935,0,0.191885,0,
C00250,F,Sudeste,60+,1752.09,573,203,0,0.821393,1,0.40838,0,
C00251,M,Sul,26-40,2185.62,592,55,1,0.392662,0,0.511464,1,
C00252,F,Sul,41-60,5801.59,613,205,1,0.947821,1,0.750148,1,
C00253,F,Centro-Oeste,26-40,5389.3,684,48,1,0.626031,1,0.77492,1,
C00254,M,Sudeste,18-25,1000.0,387,0,0,0.004542,0,0.013934,0,
C00255,F,Sul,26-40,1706.49,422,0,0,0.016601,0,0.055449,0,
C00256,M,Nordeste,26-40,5023.75,645,56,0,0.320064,0,0.441398,0,
C00257,F,Sudeste,41-60,4680.8,539,95,0,0.405542,0,0.367353,0,
C00258,M,Sudeste,18-25,1853.11,704,58,1,0.523876,1,0.639213,1,
C00259,M,Nordeste,26-40,3288.38,722,74,1,0.720148,1,0.773542,1,
C00260,F,Centro-Oeste,41-60,5866.54,678,130,1,0.900851,1,0.836301,1,
C00261,F,Nordeste,26-40,3669.4,591,21,0,0.274953,0,0.524515,1,
C00262,F,Centro-Oeste,26-40,6770.69,748,36,1,0.840394,1,0.932499,1,
C00263,F,Nordeste,26-40,4435.75,626,0,1,0.218211,0,0.539863,1,
C00264,M,Sudeste,18-25,3319.71,491,43,1,0.16017,0,0.269307,0,
C00265,M,Nordeste,18-25,1000.0,448,0,0,0.018111,0,0.05833,0,
C00266,F,Nordeste,26-40,3111.32,647,90,1,0.510164,1,0.494224,0,
C00267,F,Sul,41-60,5687.65,685,150,1,0.909672,1,0.79693,1,
C00268,M,Sudeste,26-40,3166.62,600,97,1,0.466949,0,0.418354,0,
C00269,F,Sul,41-60,13357.77,820,114,1,0.979545,1,0.975713,1,
C00270,F,Norte,18-25,1269.01,552,0,1,0.078431,0,0.235373,0,
C00271,M,Nordeste,26-40,1982.55,761,7,1,0.598932,1,0.848365,1,
C00272,M,Sudeste,26-40,3931.45,688,112,1,0.756506,1,0.681911,1,
C00273,F,Nordeste,18-25,1232.8,538,0,0,0.078537,0,0.233892,0,
C00274,M,Sudeste,26-40,3247.53,623,0,1,0.165248,0,0.446856,0,
C00275,F,Sudeste,26-40,3556.47,596,49,1,0.414265,0,0.568747,1,
C00276,M,Sudeste,18-25,1589.59,612,25,1,0.089166,0,0.192437,0,
C00277,F,Nordeste,26-40,2607.24,702,104,1,0.819334,1,0.783788,1,
C00278,F,Sudeste,26-40,3605.36,681,58,0,0.590582,1,0.709099,1,
C00279,M,Nordeste,41-60,2188.05,451,151,0,0.572051,1,0.305154,0,
C00280,M,Sudeste,41-60,4270.81,669,158,0,0.896081,1,0.750468,1,
C00281,M,Sudeste,26-40,12413.62,811,126,1,0.987484,1,0.981853,1,
C00282,F,Sudeste,41-60,10339.69,670,88,1,0.905794,1,0.916914,1,
C00283,M,Sudeste,26-40,2445.07,565,69,0,0.305451,0,0.362328,0,
C00284,M,Nordeste,41-60,6765.94,587,157,1,0.890869,1,0.743076,1,
C00285,F,Norte,60+,3416.16,559,156,1,0.49243,0,0.235449,0,
C00286,M,Nordeste,26-40,2902.81,530,33,0,0.208449,0,0.375416,0,
C00287,F,Nordeste,26-40,5960.43,663,30,1,0.598629,1,0.802964,1,
C00288,F,Nordeste,18-25,1173.18,486,7,0,0.021243,0,0.060298,0,
C00289,F,Sudeste,41-60,3272.59,595,142,0,0.696298,1,0.479717,0,
C00290,F,Nordeste,26-40,3618.9,664,73,0,0.701086,1,0.755978,1,
C00291,M,Sul,26-40,8931.28,714,115,1,0.94295,1,0.925774,1,
C00292,F,Nordeste,41-60,3984.07,555,94,1,0.477709,0,0.452418,0,
C00293,F,Sul,26-40,2567.59,621,78,1,0.424298,0,0.460342,0,
C00294,M,Sudeste,41-60,10677.3,680,203,1,0.981395,1,0.907724,1,
C00295,F,Sudeste,26-40,1297.14,528,0,0,0.039219,0,0.122051,0,
C00296,M,Sudeste,26-40,3738.29,633,89,1,0.612824,1,0.615556,1,
C00297,M,Sudeste,41-60,1997.19,615,121,1,0.694127,1,0.564033,1,
C00298,F,Sudeste,41-60,6262.61,844,169,1,0.993634,1,0.98103,1,
C00299,M,Nordeste,41-60,3829.81,625,190,0,0.795384,1,0.429071,0,
C00300,F,Nordeste,41-60,8184.34,823,113,1,0.979908,1,0.975511,1,
C00301,M,Sudeste,18-25,1147.99,607,38,0,0.147844,0,0.25919,0,
C00302,F,Sudeste,41-60,2000.86,558,114,1,0.478402,0,0.362148,0,
C00303,F,Nordeste,41-60,4743.52,605,113,1,0.750495,1,0.676802,1,
C00304,M,Sudeste,41-60,5594.03,640,152,1,0.89453,1,0.766629,1,
C00305,F,Norte,18-25,2562.05,656,60,0,0.413575,0,0.525038,1,
C00306,M,Sudeste,26-40,3113.21,632,111,1,0.631014,1,0.545362,1,
C00307,M,Norte,60+,4032.86,646,209,1,0.964067,1,0.803757,1,
C00308,F,Nordeste,26-40,6640.38,775,113,1,0.958814,1,0.947947,1,
C00309,M,Sudeste,26-40,2094.77,508,111,0,0.134397,0,0.085812,0,
C00310,M,Sudeste,26-40,2227.52,534,76,1,0.238395,0,0.261049,0,
C00311,M,Norte,18-25,2301.17,488,45,1,0.099276,0,0.166208,0,
C00312,F,Sudeste,26-40,5945.78,787,35,1,0.765861,1,0.897856,1,
C00313,F,Sudeste,26-40,2257.11,524,92,0,0.291679,0,0.26423,0,
C00314,F,Sudeste,41-60,4586.88,625,146,1,0.842597,1,0.689742,1,
C00315,M,Norte,26-40,3989.06,680,109,0,0.731553,1,0.662919,1,
C00316,F,Sudeste,18-25,1373.3,596,12,0,0.141959,0,0.337495,0,
C00317,F,Norte,18-25,2015.86,473,0,0,0.041836,0,0.130784,0,
C00318,M,Sudeste,26-40,1801.18,589,15,0,0.062213,0,0.159083,0,
C00319,M,Sul,41-60,3714.25,730,153,0,0.93645,1,0.850013,1,
C00320,F,Sudeste,18-25,1385.59,769,8,0,0.388784,0,0.695152,1,
C00321,M,Nordeste,41-60,5730.11,841,180,1,0.99292,1,0.974783,1,
C00322,M,Nordeste,26-40,1000.0,421,18,0,0.015396,0,0.037466,0,
C00323,F,Centro-Oeste,26-40,2428.7,604,81,0,0.350317,0,0.369886,0,
C00324,F,Sudeste,26-40,2544.37,463,0,0,0.035365,0,0.118896,0,
C00325,M,Norte,26-40,5527.62,711,45,1,0.719348,1,0.848888,1,
C00326,M,Sudeste,18-25,1684.19,632,0,0,0.158741,0,0.421681,0,
C00327,F,Sudeste,26-40,2584.05,436,0,0,0.02567,0,0.087415,0,
C00328,F,Nordeste,18-25,1295.33,619,12,0,0.084079,0,0.22147,0,
C00329,M,Centro-Oeste,41-60,5828.71,755,103,1,0.929809,1,0.922373,1,
C00330,F,Sudeste,26-40,1876.46,509,15,0,0.049106,0,0.129833,0,
C00331,M,Nordeste,26-40,4425.13,754,91,1,0.938175,1,0.941367,1,
C00332,M,Sul,18-25,4264.57,570,0,0,0.096522,0,0.292651,0,
C00333,M,Sudeste,26-40,5311.31,726,111,0,0.92041,1,0.899269,1,
C00334,F,Sul,18-25,1554.5,441,0,0,0.016642,0,0.055646,0,
C00335,M,Sudeste,26-40,6092.9,799,116,1,0.884576,1,0.845242,1,
C00336,F,Norte,41-60,3099.3,711,177,1,0.935604,1,0.788137,1,
C00337,M,Nordeste,41-60,5394.48,623,146,1,0.810924,1,0.643562,1,
C00338,F,Sudeste,41-60,4368.86,541,172,1,0.836404,1,0.572799,1,
C00339,F,Nordeste,41-60,3883.26,583,92,1,0.665125,1,0.652077,1,
C00340,F,Sudeste,41-60,4507.19,735,74,1,0.813509,1,0.857073,1,
C00341,F,Nordeste,26-40,2712.93,651,0,1,0.215358,0,0.52782,1,
C00342,M,Sudeste,41-60,8321.72,702,165,1,0.96772,1,0.909941,1,
C00343,M,Sudeste,41-60,4636.42,526,97,0,0.306529,0,0.26566,0,
C00344,F,Sul,26-40,2938.39,788,52,1,0.844654,1,0.912857,1,
C00345,F,Sudeste,18-25,3483.06,579,0,1,0.188362,0,0.482405,0,
C00346,F,Sudeste,26-40,5884.09,641,0,0,0.33937,0,0.679803,1,
C00347,F,Sul,26-40,4564.24,717,81,1,0.76506,1,0.79895,1,
C00348,M,Sul,18-25,4470.84,737,78,1,0.817151,1,0.852228,1,
C00349,F,Sudeste,26-40,2703.71,738,49,1,0.548791,1,0.703972,1,
C00350,M,Sudeste,60+,1324.97,544,147,0,0.416894,0,0.200509,0,
C00351,F,Sudeste,26-40,3746.51,607,73,0,0.55006,1,0.611443,1,
C00352,F,Sudeste,18-25,4065.78,793,57,1,0.895795,1,0.94045,1,
C00353,M,Nordeste,26-40,2750.58,614,109,1,0.607551,1,0.523449,1,
C00354,M,Sudeste,60+,2127.49,504,176,1,0.769271,1,0.430134,0,
C00355,M,Nordeste,18-25,1000.0,571,16,0,0.098559,0,0.232643,0,
C00356,F,Sudeste,18-25,2548.13,679,0,0,0.372931,0,0.709556,1,
C00357,F,Sudeste,18-25,2028.61,671,15,1,0.261627,0,0.528145,1,
C00358,F,Sudeste,26-40,7272.77,643,94,0,0.798434,1,0.797981,1,
C00359,F,Sudeste,41-60,7215.32,787,201,1,0.995915,1,0.979524,1,
C00360,F,Nordeste,18-25,1000.0,572,0,0,0.034141,0,0.11223,0,
C00361,M,Sudeste,41-60,4046.87,565,60,1,0.33552,0,0.440556,0,
C00362,F,Sul,26-40,2459.88,802,112,1,0.887607,1,0.853349,1,
C00363,F,Nordeste,18-25,1852.65,693,13,1,0.335749,0,0.623087,1,
C00364,F,Sudeste,26-40,3460.15,714,62,1,0.695526,1,0.785883,1,
C00365,M,Sudeste,60+,3011.62,506,123,0,0.171181,0,0.096277,0,
C00366,F,Sudeste,26-40,3633.39,679,32,1,0.534347,1,0.745466,1,
C00367,M,Sudeste,26-40,5409.58,589,19,1,0.261067,0,0.523239,1,
C00368,F,Sudeste,60+,1708.68,584,233,0,0.826174,1,0.307776,0,
C00369,M,Sudeste,26-40,2278.45,430,77,1,0.055209,0,0.055436,0,
C00370,M,Nordeste,26-40,4260.38,589,41,0,0.226595,0,0.374056,0,
C00371,M,Sudeste,41-60,5315.35,654,182,1,0.825461,1,0.520405,1,
C00372,M,Sudeste,18-25,1345.06,697,4,1,0.267012,0,0.572282,1,
C00373,F,Sudeste,18-25,2200.26,607,33,1,0.206359,0,0.375748,0,
C00374,F,Sudeste,26-40,1000.0,385,0,0,0.01124,0,0.035656,0,
C00375,M,Nordeste,60+,3015.97,604,135,1,0.812655,1,0.671452,1,
C00376,M,Sudeste,26-40,3333.59,570,99,0,0.364372,0,0.3109,0,
C00377,F,Sudeste,41-60,4985.84,679,144,1,0.92789,1,0.85102,1,
C00378,M,Sul,41-60,2692.89,459,123,1,0.314028,0,0.193519,0,
C00379,F,Sul,26-40,2904.78,641,113,1,0.552202,1,0.443132,0,
C00380,F,Centro-Oeste,41-60,7143.59,769,188,1,0.990457,1,0.961211,1,
C00381,F,Nordeste,26-40,4080.9,677,64,1,0.597852,1,0.697425,1,
C00382,M,Sul,26-40,1995.12,592,100,1,0.330612,0,0.269762,0,
C00383,F,Sudeste,18-25,1140.09,550,0,0,0.067546,0,0.205867,0,
C00384,M,Sul,60+,1639.57,668,171,1,0.677246,1,0.341815,0,
C00385,M,Norte,26-40,2379.77,531,38,0,0.119506,0,0.219496,0,
C00386,M,Sudeste,41-60,4883.59,675,140,1,0.882124,1,0.779058,1,
C00387,F,Sul,41-60,2985.16,700,170,1,0.92251,1,0.771477,1,
C00388,F,Centro-Oeste,41-60,5561.82,720,169,1,0.9741,1,0.920493,1,
C00389,F,Nordeste,60+,1499.31,557,167,0,0.392614,0,0.137809,0,
C00390,M,Sudeste,18-25,2332.95,701,66,0,0.582671,1,0.668713,1,
C00391,F,Sul,26-40,2008.36,495,0,0,0.05701,0,0.181268,0,
C00392,M,Nordeste,41-60,2107.84,607,97,0,0.390866,0,0.348893,0,
C00393,M,Centro-Oeste,26-40,1895.76,484,41,1,0.071961,0,0.122347,0,
C00394,F,Sudeste,41-60,3911.84,605,178,1,0.885568,1,0.65365,1,
C00395,F,Sul,26-40,2630.0,578,64,0,0.180053,0,0.228418,0,
C00396,M,Norte,41-60,11157.25,861,213,1,0.998166,1,0.989614,1,
C00397,F,Sudeste,18-25,1263.98,553,0,1,0.064872,0,0.200613,0,
C00398,M,Sul,41-60,5610.12,705,187,1,0.969506,1,0.879588,1,
C00399,M,Centro-Oeste,26-40,1166.32,518,12,1,0.020666,0,0.055302,0,
C00400,F,Nordeste,18-25,2093.92,733,12,0,0.222582,0,0.482878,0,
C00401,F,Sudeste,26-40,2116.61,626,35,0,0.307757,0,0.500791,1,
C00402,M,Sul,26-40,2234.15,617,111,0,0.612997,1,0.516947,1,
C00403,F,Sudeste,26-40,3362.42,604,59,0,0.413148,0,0.528079,1,
C00404,F,Norte,41-60,4571.39,648,129,1,0.8405,1,0.743525,1,
C00405,F,Nordeste,41-60,4543.3,738,87,1,0.912864,1,0.921525,1,
C00406,F,Sul,26-40,1957.65,733,38,1,0.432611,0,0.632337,1,
C00407,F,Sudeste,41-60,4232.06,633,167,1,0.917129,1,0.766511,1,
C00408,M,Sudeste,41-60,2960.16,590,95,0,0.451367,0,0.420263,0,
C00409,F,Sudeste,26-40,2332.83,681,34,0,0.416101,0,0.628909,1,
C00410,F,Sudeste,26-40,3164.65,433,3,0,0.018474,0,0.059368,0,
C00411,M,Nordeste,26-40,1949.09,580,37,1,0.226341,0,0.382769,0,
C00412,M,Nordeste,41-60,5331.94,671,173,0,0.891383,1,0.686664,1,
C00413,F,Sudeste,41-60,6051.79,730,149,1,0.961464,1,0.914414,1,
C00414,F,Sudeste,41-60,3889.45,493,54,0,0.208051,0,0.302127,0,
C00415,F,Centro-Oeste,60+,2216.82,704,225,1,0.975425,1,0.821005,1,
C00416,M,Norte,41-60,2236.39,486,145,0,0.300596,0,0.130948,0,
C00417,F,Sudeste,26-40,3584.63,615,37,0,0.275653,0,0.464505,0,
C00418,F,Centro-Oeste,18-25,1764.65,600,19,1,0.133508,0,0.303192,0,
C00419,M,Sudeste,60+,2168.25,549,215,0,0.666205,1,0.191723,0,
C00420,M,Sudeste,26-40,2110.72,464,86,0,0.074437,0,0.069231,0,
C00421,M,Nordeste,26-40,2266.8,621,74,0,0.249366,0,0.278173,0,
C00422,M,Sul,41-60,2811.65,660,167,1,0.8672,1,0.654315,1,
C00423,M,Sudeste,60+,2389.7,543,235,0,0.884864,1,0.412821,0,
C00424,F,Norte,41-60,4168.07,506,115,0,0.290423,0,0.197957,0,
C00425,F,Sudeste,26-40,4898.02,701,64,1,0.700358,1,0.780085,1,
C00426,M,Sul,26-40,4208.87,586,81,0,0.336547,0,0.353566,0,
C00427,F,Norte,60+,3953.13,854,224,1,0.991317,1,0.938416,1,
C00428,F,Nordeste,41-60,4774.18,594,106,1,0.609723,1,0.547383,1,
C00429,M,Sudeste,41-60,2750.63,732,201,1,0.950842,1,0.762945,1,
C00430,M,Sul,26-40,2295.6,600,31,1,0.230028,0,0.416596,0,
C00431,M,Nordeste,18-25,2865.86,723,48,1,0.637845,1,0.777303,1,
C00432,F,Nordeste,41-60,4818.03,558,95,1,0.307048,0,0.276304,0,
C00433,M,Nordeste,26-40,1614.13,471,43,0,0.059333,0,0.097116,0,
C00434,M,Nordeste,18-25,1761.88,587,54,0,0.109231,0,0.158064,0,
C00435,F,Sudeste,26-40,5609.34,653,77,1,0.800098,1,0.836934,1,
C00436,F,Norte,26-40,2595.91,557,40,0,0.188501,0,0.322569,0,
C00437,F,Nordeste,41-60,4782.97,753,117,1,0.931352,1,0.905329,1,
C00438,M,Sudeste,26-40,1743.72,525,97,0,0.220741,0,0.182382,0,
C00439,F,Centro-Oeste,41-60,4527.69,598,103,1,0.609163,1,0.557894,1,
C00440,M,Sudeste,26-40,1729.05,442,0,0,0.018192,0,0.061182,0,
C00441,M,Nordeste,26-40,4257.22,623,71,0,0.290667,0,0.34563,0,
C00442,F,Sudeste,41-60,4170.03,620,140,1,0.814138,1,0.664291,1,
C00443,F,Sudeste,26-40,3660.17,624,13,1,0.296714,0,0.586197,1,
C00444,M,Nordeste,18-25,1000.0,330,0,0,0.002701,0,0.008081,0,
C00445,M,Nordeste,41-60,5715.12,546,130,0,0.491558,0,0.325439,0,
C00446,F,Norte,26-40,2552.12,531,40,0,0.090652,0,0.160754,0,
C00447,M,Norte,18-25,2214.26,719,12,0,0.36427,0,0.662223,1,
C00448,M,Sudeste,18-25,1000.0,487,37,0,0.042283,0,0.077543,0,
C00449,M,Nordeste,41-60,3247.13,514,138,1,0.564059,1,0.358566,0,
C00450,F,Nordeste,18-25,1578.63,634,16,0,0.191883,0,0.414636,0,
C00451,M,Nordeste,26-40,3163.97,572,92,0,0.385323,0,0.366077,0,
C00452,M,Norte,26-40,3365.26,629,59,1,0.338858,0,0.439739,0,
C00453,M,Nordeste,26-40,5745.75,793,111,0,0.949275,1,0.937706,1,
C00454,F,Nordeste,60+,2126.53,597,170,0,0.740162,1,0.426463,0,
C00455,F,Norte,41-60,1948.72,505,96,1,0.263481,0,0.222499,0,
C00456,M,Nordeste,41-60,4701.5,619,117,0,0.760463,1,0.676098,1,
C00457,M,Sudeste,41-60,3189.06,689,154,1,0.855034,1,0.683232,1,
C00458,F,Nordeste,41-60,7868.41,593,155,0,0.877369,1,0.726812,1,
C00459,F,Nordeste,41-60,6960.64,737,93,1,0.926086,1,0.929882,1,
C00460,M,Sudeste,26-40,2769.9,495,47,0,0.154048,0,0.245615,0,
C00461,M,Centro-Oeste,26-40,1129.7,542,47,0,0.12309,0,0.191649,0,
C00462,F,Sudeste,41-60,1768.63,557,84,0,0.264778,0,0.26185,0,
C00463,F,Sul,41-60,6698.3,700,119,1,0.935676,1,0.908817,1,
C00464,M,Centro-Oeste,41-60,4951.06,719,181,1,0.973224,1,0.90145,1,
C00465,F,Sudeste,60+,2100.13,356,122,0,0.03544,0,0.01698,0,
C00466,F,Nordeste,41-60,4804.76,614,102,1,0.432227,0,0.376458,0,
C00467,F,Nordeste,41-60,2199.27,591,160,1,0.779083,1,0.51897,1,
C00468,M,Centro-Oeste,26-40,2202.38,599,69,1,0.61218,1,0.672724,1,
C00469,F,Centro-Oeste,41-60,8874.62,718,196,0,0.977466,1,0.900633,1,
C00470,F,Centro-Oeste,18-25,1431.71,535,24,0,0.069594,0,0.156306,0,
C00471,F,Sudeste,26-40,8191.03,731,38,1,0.798622,1,0.910442,1,
C00472,F,Norte,26-40,3009.11,524,14,1,0.108154,0,0.272347,0,
C00473,M,Sul,26-40,2558.32,568,39,0,0.26056,0,0.424305,0,
C00474,F,Sudeste,18-25,1820.1,508,0,0,0.0341,0,0.114257,0,
C00475,M,Sul,26-40,4219.33,615,69,0,0.372079,0,0.439648,0,
C00476,M,Nordeste,18-25,1000.0,612,68,0,0.357466,0,0.408307,0,
C00477,F,Nordeste,26-40,6283.41,782,53,1,0.697299,1,0.816042,1,
C00478,F,Nordeste,26-40,1803.78,452,0,0,0.026207,0,0.087175,0,
C00479,F,Sudeste,41-60,2222.98,485,93,0,0.182689,0,0.158142,0,
C00480,F,Norte,41-60,4091.41,582,114,1,0.638284,1,0.541136,1,
C00481,F,Nordeste,60+,3000.26,744,185,1,0.945664,1,0.799173,1,
C00482,M,Norte,41-60,1582.28,478,86,0,0.057507,0,0.05004,0,
C00483,F,Sudeste,26-40,4976.56,694,82,1,0.8279,1,0.851975,1,
C00484,F,Norte,26-40,1496.99,449,0,0,0.020763,0,0.068795,0,
C00485,F,Nordeste,26-40,2356.99,783,29,1,0.759085,1,0.895301,1,
C00486,M,Nordeste,18-25,1355.28,538,11,0,0.040469,0,0.108513,0,
C00487,M,Sudeste,18-25,3468.64,640,4,0,0.366968,0,0.692565,1,
C00488,M,Sudeste,26-40,5234.22,613,86,0,0.687245,1,0.704032,1,
C00489,F,Sul,26-40,1844.34,696,61,1,0.292811,0,0.37578,0,
C00490,M,Norte,26-40,3566.44,684,64,1,0.607337,1,0.703931,1,
C00491,F,Nordeste,26-40,4107.79,630,55,1,0.509618,1,0.644876,1,
C00492,M,Nordeste,41-60,3030.27,572,218,1,0.928845,1,0.618542,1,
C00493,F,Nordeste,60+,4755.68,830,201,1,0.985929,1,0.931191,1,
C00494,M,Sudeste,26-40,3274.19,541,48,0,0.309767,0,0.45076,0,
C00495,F,Sudeste,41-60,5512.51,748,111,1,0.897897,1,0.873227,1,
C00496,F,Sudeste,26-40,3871.85,778,99,1,0.910757,1,0.904865,1,
C00497,F,Nordeste,26-40,3779.44,687,70,1,0.770041,1,0.824917,1,
C00498,F,Nordeste,41-60,3635.64,634,129,0,0.815003,1,0.702146,1,
C00499,F,Sudeste,18-25,2162.91,646,7,1,0.212592,0,0.490229,0,
C00500,M,Sudeste,18-25,1000.0,616,0,1,0.096388,0,0.28063,0,
C00501,F,Nordeste,41-60,7145.96,687,120,1,0.921039,1,0.887138,1,
C00502,M,Centro-Oeste,41-60,4358.05,591,137,0,0.814896,1,0.673565,1,
C00503,M,Nordeste,18-25,2013.4,605,35,0,0.136104,0,0.25934,0,
C00504,F,Nordeste,41-60,4061.41,636,121,1,0.865599,1,0.798224,1,
C00505,M,Nordeste,26-40,6872.75,819,110,1,0.972567,1,0.96757,1,
C00506,M,Nordeste,26-40,5776.32,699,87,1,0.785619,1,0.804503,1,
C00507,M,Sul,26-40,3567.99,539,1,0,0.119392,0,0.344812,0,
C00508,F,Sudeste,41-60,6765.27,608,155,0,0.810796,1,0.601077,1,
C00509,F,Sudeste,60+,4008.16,577,147,0,0.727127,1,0.512235,1,
C00510,M,Sul,41-60,1866.51,541,91,0,0.197039,0,0.170178,0,
C00511,F,Sudeste,26-40,3089.96,504,0,1,0.047154,0,0.152565,0,
C00512,M,Norte,26-40,3605.32,624,57,0,0.574911,1,0.692853,1,
C00513,F,Sudeste,26-40,3079.2,491,13,1,0.083497,0,0.219673,0,
C00514,M,Sudeste,26-40,2332.57,594,24,0,0.336595,0,0.575023,1,
C00515,M,Sudeste,41-60,6796.13,734,168,1,0.973454,1,0.921636,1,
C00516,M,Sudeste,26-40,2454.41,679,52,1,0.372613,0,0.515794,1,
C00517,M,Nordeste,41-60,7076.1,567,168,1,0.875455,1,0.675189,1,
C00518,F,Sudeste,41-60,4251.75,569,140,0,0.686261,1,0.47849,0,
C00519,F,Sudeste,41-60,2772.13,504,115,0,0.238491,0,0.153879,0,
C00520,F,Sudeste,18-25,2288.82,659,39,0,0.227839,0,0.378375,0,
C00521,M,Norte,60+,5256.7,699,207,1,0.972557,1,0.854552,1,
C00522,F,Sul,26-40,3351.3,567,2,0,0.061104,0,0.192607,0,
C00523,M,Centro-Oeste,41-60,8726.3,634,199,1,0.975635,1,0.884169,1,
C00524,M,Sudeste,26-40,2881.48,736,76,1,0.592885,1,0.639363,1,
C00525,M,Sul,26-40,3106.23,623,2,1,0.25692,0,0.576524,1,
C00526,M,Nordeste,41-60,3929.96,532,165,1,0.53962,1,0.243677,0,
C00527,M,Nordeste,18-25,1852.45,585,51,1,0.177481,0,0.267671,0,
C00528,F,Norte,18-25,2069.06,641,0,0,0.285746,0,0.612708,1,
C00529,F,Nordeste,18-25,1069.33,654,0,0,0.055802,0,0.174146,0,
C00530,M,Nordeste,41-60,9408.08,762,197,1,0.984517,1,0.927471,1,
C00531,M,Sudeste,18-25,1912.85,643,19,1,0.340641,0,0.600322,1,
C00532,M,Nordeste,26-40,4091.89,645,53,1,0.534699,1,0.676151,1,
C00533,F,Nordeste,41-60,5821.36,650,122,1,0.831844,1,0.756771,1,
C00534,M,Sudeste,41-60,6288.84,532,162,1,0.808075,1,0.571033,1,
C00535,M,Sudeste,41-60,5090.14,647,127,1,0.849706,1,0.764161,1,
C00536,F,Sudeste,41-60,4388.14,526,127,0,0.37302,0,0.231345,0,
C00537,F,Sudeste,41-60,3220.42,523,131,1,0.372758,0,0.215054,0,
C00538,M,Sul,26-40,4275.49,609,58,1,0.287086,0,0.387903,0,
C00539,F,Sul,18-25,1195.51,563,15,0,0.05294,0,0.131653,0,
C00540,M,Sudeste,41-60,1495.68,448,69,0,0.076794,0,0.088332,0,
C00541,M,Nordeste,26-40,3442.96,825,158,1,0.978367,1,0.943648,1,
C00542,M,Nordeste,26-40,7860.21,861,130,1,0.987531,1,0.980458,1,
C00543,M,Nordeste,18-25,1614.68,614,41,0,0.215464,0,0.353383,0,
C00544,F,Sudeste,18-25,3611.19,746,4,1,0.642076,1,0.880714,1,
C00545,F,Centro-Oeste,18-25,2035.88,462,0,0,0.026136,0,0.088232,0,
C00546,F,Nordeste,18-25,1809.39,562,14,1,0.07326,0,0.191981,0,
C00547,F,Sudeste,60+,2850.15,616,129,0,0.652273,1,0.480678,0,
C00548,F,Nordeste,26-40,3682.32,616,70,1,0.373738,0,0.446921,0,
C00549,M,Nordeste,26-40,7156.7,664,76,1,0.62265,1,0.677627,1,
C00550,M,Sudeste,18-25,1020.12,598,0,0,0.102034,0,0.292041,0,
C00551,M,Sudeste,41-60,8695.07,593,135,1,0.855474,1,0.75313,1,
C00552,M,Sudeste,18-25,1260.55,746,59,0,0.34719,0,0.441693,0,
C00553,M,Sudeste,26-40,2253.85,615,82,1,0.497223,0,0.5142,1,
C00554,M,Norte,26-40,2352.47,529,4,0,0.043996,0,0.134402,0,
C00555,F,Sudeste,41-60,6919.01,594,143,0,0.855249,1,0.724425,1,
C00556,F,Nordeste,18-25,2689.65,586,0,0,0.133212,0,0.377001,0,
C00557,F,Sul,41-60,3869.49,578,152,0,0.716526,1,0.466085,0,
C00558,F,Sudeste,26-40,6069.23,715,61,1,0.861154,1,0.914205,1,
C00559,M,Sudeste,41-60,8214.22,816,153,1,0.985802,1,0.967702,1,
C00560,M,Sudeste,26-40,2968.06,694,91,1,0.719516,1,0.717488,1,
C00561,M,Sul,41-60,2683.56,516,161,0,0.745237,1,0.463301,0,
C00562,F,Nordeste,60+,4151.68,604,171,0,0.841487,1,0.592463,1,
C00563,M,Sudeste,26-40,1221.19,547,58,0,0.184748,0,0.245015,0,
C00564,M,Sudeste,60+,6385.63,794,311,1,0.998514,1,0.958045,1,
C00565,F,Sul,26-40,3278.93,629,95,1,0.649089,1,0.626563,1,
C00566,F,Norte,26-40,2110.27,578,3,0,0.212537,0,0.496832,0,
C00567,F,Sudeste,60+,1970.58,586,192,0,0.763918,1,0.370415,0,
C00568,M,Nordeste,41-60,7720.52,555,75,0,0.540516,1,0.603931,1,
C00569,M,Sudeste,41-60,2850.63,501,170,0,0.438575,0,0.159441,0,
C00570,F,Nordeste,18-25,1970.88,677,41,1,0.301427,0,0.474401,0,
C00571,M,Sul,18-25,2760.87,565,0,0,0.097777,0,0.297356,0,
C00572,F,Sudeste,26-40,4838.11,684,34,1,0.537984,1,0.747587,1,
C00573,F,Sudeste,41-60,4870.57,581,118,1,0.741421,1,0.646129,1,
C00574,F,Norte,60+,7293.27,666,163,1,0.957943,1,0.88491,1,
C00575,M,Sul,26-40,4242.58,757,102,1,0.953168,1,0.947488,1,
C00576,M,Nordeste,41-60,4739.87,624,147,1,0.699707,1,0.475948,0,
C00577,M,Sudeste,18-25,1242.27,611,15,0,0.133931,0,0.311946,0,
C00578,M,Sul,41-60,2523.4,588,128,0,0.598317,1,0.433589,0,
C00579,M,Nordeste,18-25,3522.92,577,47,0,0.183245,0,0.289016,0,
C00580,F,Sudeste,26-40,3566.7,615,81,0,0.571718,1,0.602045,1,
C00581,F,Nordeste,41-60,7105.14,747,122,0,0.949927,1,0.92733,1,
C00582,M,Sudeste,41-60,4534.46,623,127,0,0.822093,1,0.721383,1,
C00583,F,Sul,26-40,4679.53,478,27,1,0.110043,0,0.239902,0,
C00584,F,Sudeste,26-40,8832.05,734,16,1,0.820354,1,0.943618,1,
C00585,M,Sudeste,26-40,2464.14,723,72,1,0.807034,1,0.848173,1,
C00586,M,Sudeste,26-40,3370.39,683,76,1,0.685235,1,0.73338,1,
C00587,M,Sul,41-60,10585.17,824,189,1,0.995282,1,0.981418,1,
C00588,M,Nordeste,26-40,1724.95,522,53,0,0.075971,0,0.114914,0,
C00589,F,Sudeste,26-40,3488.67,509,58,1,0.197751,0,0.27567,0,
C00590,M,Sudeste,26-40,3196.72,561,29,0,0.217006,0,0.40853,0,
C00591,M,Nordeste,26-40,2039.95,495,63,0,0.097502,0,0.127226,0,
C00592,F,Sul,41-60,5080.21,432,80,0,0.092528,0,0.095075,0,
C00593,M,Sudeste,60+,3946.61,620,209,0,0.967673,1,0.818209,1,
C00594,F,Nordeste,41-60,2734.53,464,116,1,0.27702,0,0.183888,0,
C00595,M,Centro-Oeste,41-60,2603.55,560,132,0,0.625255,1,0.443085,0,
C00596,M,Sudeste,60+,1961.71,592,233,0,0.817305,1,0.288107,0,
C00597,M,Sul,41-60,3548.84,573,142,0,0.491419,0,0.279065,0,
C00598,M,Nordeste,60+,2369.07,442,126,0,0.116947,0,0.058119,0,
C00599,M,Sul,41-60,5988.25,621,146,0,0.747988,1,0.545158,1,
C00600,M,Norte,26-40,2268.98,625,64,0,0.296522,0,0.376452,0,
C00601,M,Sudeste,18-25,1149.62,510,0,0,0.054245,0,0.167556,0,
C00602,M,Sudeste,26-40,3188.82,607,48,1,0.388354,0,0.545001,1,
C00603,M,Sudeste,60+,3478.52,580,257,0,0.922725,1,0.435795,0,
C00604,F,Nordeste,60+,2558.53,635,204,1,0.938694,1,0.7072,1,
C00605,M,Sudeste,26-40,2680.14,717,57,1,0.644993,1,0.755687,1,
C00606,F,Nordeste,18-25,1753.28,599,31,1,0.189949,0,0.35349,0,
C00607,M,Sudeste,18-25,1000.0,619,0,1,0.08051,0,0.242827,0,
C00608,M,Centro-Oeste,26-40,10362.68,628,67,0,0.831038,1,0.885237,1,
C00609,F,Sudeste,18-25,1446.45,500,0,0,0.04404,0,0.141053,0,
C00610,F,Sudeste,41-60,5265.15,709,98,1,0.867543,1,0.860268,1,
C00611,F,Norte,26-40,2344.01,555,14,0,0.181839,0,0.405234,0,
C00612,F,Centro-Oeste,41-60,5122.2,630,113,1,0.810768,1,0.75259,1,
C00613,F,Centro-Oeste,26-40,5488.37,709,63,1,0.798712,1,0.867106,1,
C00614,F,Sudeste,41-60,4076.6,707,153,1,0.934367,1,0.845134,1,
C00615,F,Nordeste,41-60,3090.31,360,129,0,0.168642,0,0.085152,0,
C00616,F,Nordeste,41-60,2608.32,497,70,0,0.146138,0,0.167482,0,
C00617,F,Nordeste,26-40,3188.72,700,98,0,0.749751,1,0.728231,1,
C00618,M,Nordeste,41-60,5772.75,602,176,1,0.896314,1,0.692335,1,
C00619,M,Sudeste,41-60,3015.95,625,90,1,0.537188,1,0.530285,1,
C00620,F,Nordeste,18-25,1696.66,735,2,1,0.389629,0,0.715872,1,
C00621,F,Sudeste,41-60,2857.99,680,135,1,0.873637,1,0.771119,1,
C00622,M,Sudeste,26-40,2646.43,596,24,1,0.207165,0,0.413665,0,
C00623,F,Sudeste,41-60,3880.64,525,118,1,0.599846,1,0.476177,0,
C00624,M,Norte,41-60,11159.45,816,153,0,0.984041,1,0.96473,1,
C00625,M,Sudeste,18-25,2956.95,548,72,1,0.323362,0,0.372551,0,
C00626,F,Sudeste,26-40,4180.82,642,41,1,0.500484,1,0.687815,1,
C00627,M,Sudeste,41-60,2257.22,473,121,0,0.318081,0,0.200111,0,
C00628,F,Nordeste,26-40,2835.37,662,29,0,0.229524,0,0.436008,0,
C00629,M,Sudeste,41-60,6479.46,579,99,0,0.600285,1,0.569937,1,
C00630,M,Sudeste,41-60,3398.13,643,186,0,0.931684,1,0.746753,1,
C00631,M,Sul,18-25,1688.21,601,29,0,0.105616,0,0.220911,0,
C00632,F,Nordeste,41-60,3138.66,621,99,1,0.623957,1,0.583549,1,
C00633,F,Sudeste,18-25,1807.22,581,0,0,0.120126,0,0.340957,0,
C00634,F,Sudeste,26-40,3110.8,507,41,1,0.05738,0,0.10376,0,
C00635,F,Sul,41-60,3198.89,564,43,0,0.135142,0,0.229048,0,
C00636,M,Norte,26-40,4089.0,710,41,0,0.413808,0,0.604024,1,
C00637,F,Nordeste,26-40,3359.38,673,101,0,0.80778,1,0.780298,1,
C00638,F,Sudeste,26-40,2393.76,602,42,1,0.281143,0,0.440974,0,
C00639,M,Nordeste,26-40,4440.53,748,34,1,0.69872,1,0.858092,1,
C00640,M,Nordeste,26-40,4641.75,808,96,1,0.93288,1,0.933426,1,
C00641,F,Centro-Oeste,41-60,3872.02,686,173,0,0.937207,1,0.804001,1,
C00642,M,Nordeste,18-25,1922.44,538,0,1,0.058508,0,0.188107,0,
C00643,M,Nordeste,18-25,1532.02,712,75,1,0.414739,0,0.462342,0,
C00644,F,Sul,26-40,2948.39,619,76,1,0.52167,1,0.568591,1,
C00645,F,Centro-Oeste,60+,1563.6,638,199,1,0.896623,1,0.586618,1,
C00646,M,Sul,26-40,1902.71,608,112,1,0.513457,1,0.407774,0,
C00647,M,Sul,41-60,3593.73,623,204,1,0.930004,1,0.682324,1,
C00648,M,Sudeste,41-60,2165.31,549,142,1,0.560319,1,0.336485,0,
C00649,M,Sudeste,60+,2912.28,692,225,0,0.97584,1,0.826227,1,
C00650,F,Sudeste,41-60,3500.31,675,172,1,0.920585,1,0.761324,1,
C00651,F,Sudeste,26-40,2156.99,549,5,1,0.095139,0,0.26896,0,
C00652,M,Sul,41-60,5458.48,495,92,0,0.372116,0,0.355444,0,
C00653,F,Sul,18-25,1000.0,611,44,1,0.152886,0,0.246692,0,
C00654,F,Sudeste,41-60,3606.43,604,127,1,0.517797,1,0.368581,0,
C00655,F,Sudeste,26-40,3444.6,599,17,0,0.13222,0,0.309631,0,
C00656,F,Centro-Oeste,41-60,4697.09,634,143,0,0.869988,1,0.745815,1,
C00657,F,Sudeste,18-25,1058.22,463,0,0,0.0155,0,0.050826,0,
C00658,M,Nordeste,41-60,3479.89,832,213,1,0.990242,1,0.940362,1,
C00659,F,Nordeste,41-60,7278.83,684,150,1,0.875814,1,0.737431,1,
C00660,M,Norte,18-25,1867.1,806,76,1,0.874422,1,0.898784,1,
C00661,F,Sudeste,18-25,1330.11,370,0,0,0.004505,0,0.014057,0,
C00662,F,Sudeste,41-60,4746.87,577,203,1,0.783223,1,0.361204,0,
C00663,M,Sudeste,41-60,6087.04,633,128,1,0.863256,1,0.78229,1,
C00664,M,Sudeste,41-60,3613.0,558,101,0,0.253352,0,0.205727,0,
C00665,M,Centro-Oeste,41-60,2369.62,456,115,0,0.348964,0,0.239464,0,
C00666,M,Nordeste,26-40,2978.38,655,83,1,0.670281,1,0.691452,1,
C00667,M,Nordeste,26-40,4404.21,754,108,1,0.951859,1,0.941058,1,
C00668,F,Sul,26-40,3686.89,699,61,1,0.729088,1,0.814297,1,
C00669,F,Sul,18-25,1351.73,675,31,1,0.204918,0,0.378935,0,
C00670,M,Nordeste,26-40,2503.99,667,74,0,0.480806,0,0.538412,1,
C00671,M,Sul,26-40,4653.93,694,93,1,0.882486,1,0.882355,1,
C00672,F,Sul,26-40,2328.7,549,22,1,0.121649,0,0.27145,0,
C00673,M,Nordeste,60+,2925.16,415,163,0,0.280274,0,0.092056,0,
C00674,F,Sul,41-60,4612.14,735,174,1,0.969946,1,0.900914,1,
C00675,F,Nordeste,18-25,1000.0,473,0,0,0.006085,0,0.019422,0,
C00676,F,Sul,60+,2783.69,582,124,0,0.678769,1,0.537857,1,
C00677,F,Norte,18-25,1000.0,396,11,0,0.011666,0,0.031404,0,
C00678,M,Sul,26-40,7634.13,714,145,1,0.94873,1,0.895311,1,
C00679,F,Nordeste,26-40,6265.42,592,33,0,0.443785,0,0.66823,1,
C00680,M,Sudeste,18-25,1000.0,522,14,0,0.028684,0,0.072726,0,
C00681,F,Sul,26-40,2760.41,668,69,1,0.572409,1,0.64819,1,
C00682,F,Sul,26-40,1506.19,679,74,1,0.561391,1,0.607755,1,
C00683,F,Sudeste,26-40,2418.05,642,45,0,0.379173,0,0.545408,1,
C00684,F,Nordeste,26-40,3490.58,719,44,0,0.590395,1,0.755619,1,
C00685,M,Nordeste,41-60,3056.93,583,127,0,0.362168,0,0.22252,0,
C00686,M,Sudeste,18-25,3046.64,768,0,1,0.558092,1,0.846523,1,
C00687,F,Sudeste,26-40,6240.47,547,24,1,0.256255,0,0.495031,0,
C00688,F,Nordeste,26-40,1914.26,703,61,1,0.498402,0,0.604628,1,
C00689,F,Nordeste,41-60,9475.45,569,143,1,0.781861,1,0.606425,1,
C00690,F,Nordeste,41-60,4014.79,647,99,1,0.627656,1,0.595928,1,
C00691,M,Sudeste,26-40,1308.03,376,14,0,0.005244,0,0.013145,0,
C00692,F,Centro-Oeste,41-60,10269.91,724,109,1,0.926972,1,0.914698,1,
C00693,F,Nordeste,18-25,2534.9,693,2,1,0.403834,0,0.730719,1,
C00694,F,Centro-Oeste,26-40,3126.74,602,65,0,0.4482,0,0.538093,1,
C00695,F,Sudeste,60+,3281.91,699,250,1,0.980701,1,0.803176,1,
C00696,M,Sudeste,41-60,6594.91,561,149,0,0.75283,1,0.546764,1,
C00697,F,Norte,26-40,3633.28,852,119,1,0.972709,1,0.961489,1,
C00698,F,Norte,26-40,2037.37,438,0,0,0.013291,0,0.043652,0,
C00699,F,Sudeste,26-40,2983.06,538,22,0,0.061835,0,0.146401,0,
C00700,F,Sudeste,18-25,1995.21,720,18,1,0.433565,0,0.702384,1,
C00701,F,Norte,41-60,2980.74,427,128,0,0.308283,0,0.176453,0,
C00702,F,Nordeste,26-40,3809.67,600,43,0,0.323526,0,0.497235,0,
C00703,M,Nordeste,26-40,5201.17,798,108,1,0.919541,1,0.901108,1,
C00704,F,Nordeste,41-60,4904.14,557,78,1,0.261271,0,0.285489,0,
C00705,F,Centro-Oeste,41-60,4018.19,634,159,1,0.793726,1,0.551094,1,
C00706,F,Sudeste,18-25,1497.18,530,0,0,0.025907,0,0.084122,0,
C00707,F,Centro-Oeste,18-25,2123.06,594,14,0,0.148521,0,0.339588,0,
C00708,M,Nordeste,26-40,3196.83,715,53,1,0.442608,0,0.58172,1,
C00709,F,Sudeste,26-40,2797.5,490,83,0,0.283426,0,0.285066,0,
C00710,M,Sudeste,18-25,2714.37,836,38,0,0.88078,1,0.9476,1,
C00711,M,Nordeste,26-40,5917.77,616,47,0,0.639662,1,0.783258,1,
C00712,F,Sudeste,41-60,1685.16,505,84,0,0.192007,0,0.184995,0,
C00713,F,Sul,18-25,4016.83,613,0,1,0.302204,0,0.641885,1,
C00714,F,Nordeste,41-60,3565.74,598,105,1,0.618509,1,0.554482,1,
C00715,M,Nordeste,41-60,7606.57,774,170,1,0.987748,1,0.962719,1,
C00716,F,Nordeste,41-60,3250.24,484,107,0,0.156296,0,0.109249,0,
C00717,M,Sudeste,18-25,1267.4,506,0,0,0.008229,0,0.027129,0,
C00718,M,Sudeste,26-40,3388.36,539,66,0,0.386308,0,0.464346,0,
C00719,M,Sudeste,41-60,2960.64,598,132,1,0.669657,1,0.499234,0,
C00720,F,Sul,26-40,5496.16,833,120,1,0.958329,1,0.942196,1,
C00721,F,Norte,60+,3080.74,618,158,0,0.836775,1,0.628506,1,
C00722,F,Sudeste,41-60,2962.74,609,129,0,0.530565,1,0.358007,0,
C00723,F,Sudeste,60+,4641.26,624,196,1,0.95224,1,0.789325,1,
C00724,F,Centro-Oeste,26-40,5048.87,739,43,1,0.718347,1,0.853053,1,
C00725,M,Sudeste,41-60,6708.63,626,119,1,0.707268,1,0.602684,1,
C00726,F,Nordeste,41-60,3173.96,642,107,1,0.789294,1,0.738146,1,
C00727,M,Nordeste,26-40,1574.36,403,57,1,0.021802,0,0.0285,0,
C00728,M,Sudeste,41-60,1454.53,492,161,0,0.355928,0,0.132291,0,
C00729,F,Sudeste,18-25,1641.08,629,0,1,0.046321,0,0.150991,0,
C00730,F,Norte,26-40,4059.57,764,77,0,0.888008,1,0.912652,1,
C00731,M,Sul,41-60,7045.82,657,176,1,0.961429,1,0.871684,1,
C00732,M,Nordeste,26-40,5828.72,730,58,1,0.794812,1,0.875114,1,
C00733,F,Nordeste,26-40,1943.93,609,78,1,0.403624,0,0.431595,0,
C00734,M,Sudeste,41-60,9200.0,783,119,1,0.961714,1,0.948645,1,
C00735,M,Sudeste,26-40,4671.79,654,83,0,0.768694,1,0.792234,1,
C00736,M,Sudeste,41-60,14336.85,817,160,1,0.991649,1,0.978672,1,
C00737,F,Nordeste,18-25,1954.08,682,0,1,0.336788,0,0.671035,1,
C00738,F,Sudeste,18-25,2828.51,745,23,1,0.60519,1,0.820229,1,
C00739,M,Centro-Oeste,41-60,7251.57,741,169,1,0.970292,1,0.912339,1,
C00740,F,Sudeste,41-60,8664.45,683,115,1,0.934031,1,0.912958,1,
C00741,M,Norte,26-40,5594.37,654,57,1,0.664021,1,0.77689,1,
C00742,M,Nordeste,18-25,2298.17,608,35,1,0.234072,0,0.407721,0,
C00743,F,Sudeste,26-40,6638.05,760,44,0,0.878034,1,0.943526,1,
C00744,M,Sudeste,26-40,2583.4,737,53,1,0.573474,1,0.710629,1,
C00745,F,Sudeste,26-40,2529.69,494,36,1,0.092644,0,0.177292,0,
C00746,M,Sul,41-60,4286.93,563,158,1,0.797739,1,0.565975,1,
C00747,F,Sudeste,41-60,2696.81,732,138,1,0.890279,1,0.793848,1,
C00748,F,Nordeste,26-40,4507.33,706,82,1,0.792475,1,0.820014,1,
C00749,M,Centro-Oeste,18-25,1509.26,465,9,0,0.03462,0,0.098516,0,
C00750,M,Sul,18-25,2461.97,714,69,1,0.728419,1,0.789027,1,
C00751,M,Sul,26-40,5064.35,695,77,1,0.687259,1,0.740416,1,
C00752,F,Sudeste,41-60,4051.22,510,154,0,0.470723,0,0.223996,0,
C00753,M,Sudeste,41-60,6661.87,624,151,1,0.879332,1,0.742902,1,
C00754,F,Sudeste,41-60,3985.43,482,102,1,0.145213,0,0.110237,0,
C00755,F,Norte,26-40,3771.44,588,34,0,0.277418,0,0.47629,0,
C00756,M,Sul,41-60,6927.26,676,168,1,0.960098,1,0.882434,1,
C00757,M,Nordeste,26-40,1000.0,398,14,0,0.014003,0,0.035896,0,
C00758,F,Nordeste,18-25,1000.0,492,0,0,0.007101,0,0.022828,0,
C00759,M,Norte,41-60,4258.73,524,129,1,0.478772,0,0.309626,0,
C00760,F,Sudeste,26-40,1000.0,449,16,0,0.031138,0,0.077292,0,
C00761,F,Nordeste,26-40,4309.8,678,69,1,0.624585,1,0.705507,1,
C00762,M,Sudeste,41-60,2919.61,654,134,1,0.812212,1,0.679217,1,
C00763,M,Centro-Oeste,26-40,2436.1,541,97,0,0.371301,0,0.325778,0,
C00764,F,Sul,41-60,3669.74,611,108,0,0.595812,1,0.521285,1,
C00765,M,Nordeste,41-60,4400.32,504,109,0,0.214678,0,0.15399,0,
C00766,M,Sul,60+,4176.01,556,220,0,0.817442,1,0.343533,0,
C00767,M,Nordeste,41-60,8147.08,743,144,1,0.968505,1,0.936466,1,
C00768,M,Sudeste,41-60,6641.03,745,188,1,0.985785,1,0.942025,1,
C00769,M,Sul,26-40,5175.12,779,96,1,0.953117,1,0.953288,1,
C00770,M,Nordeste,26-40,3154.19,511,23,1,0.037522,0,0.090069,0,
C00771,F,Sudeste,18-25,4101.08,903,88,1,0.970223,1,0.97483,1,
C00772,F,Sudeste,60+,3965.81,500,148,0,0.638671,1,0.397126,0,
C00773,M,Sudeste,26-40,5188.51,624,42,1,0.470364,0,0.660101,1,
C00774,F,Centro-Oeste,41-60,4554.75,727,146,1,0.919112,1,0.832399,1,
C00775,F,Sudeste,41-60,5620.96,536,84,0,0.288603,0,0.294465,0,
C00776,F,Norte,18-25,1462.67,562,9,0,0.128469,0,0.319973,0,
C00777,F,Norte,41-60,3171.07,710,140,1,0.884786,1,0.779873,1,
C00778,F,Sudeste,41-60,5113.39,640,165,1,0.896047,1,0.729314,1,
C00779,M,Sudeste,41-60,3024.24,542,112,0,0.402322,0,0.306914,0,
C00780,F,Sul,41-60,5454.46,751,135,1,0.935952,1,0.886684,1,
C00781,M,Nordeste,26-40,7180.7,757,64,1,0.872591,1,0.920861,1,
C00782,M,Sudeste,26-40,3808.22,668,76,1,0.694608,1,0.742508,1,
C00783,M,Sudeste,26-40,2975.38,513,52,1,0.131573,0,0.202647,0,
C00784,F,Nordeste,26-40,2808.95,620,25,0,0.209704,0,0.405701,0,
C00785,F,Sudeste,41-60,2059.1,601,99,1,0.549207,1,0.495084,0,
C00786,M,Centro-Oeste,41-60,2533.15,503,104,0,0.238206,0,0.183905,0,
C00787,M,Nordeste,60+,4468.87,616,177,1,0.939801,1,0.797434,1,
C00788,F,Nordeste,41-60,6490.54,781,145,1,0.976378,1,0.951164,1,
C00789,F,Sul,18-25,1063.43,604,15,0,0.046813,0,0.118617,0,
C00790,F,Sudeste,18-25,1239.41,604,33,0,0.147252,0,0.27485,0,
C00791,M,Sul,18-25,2156.38,696,62,1,0.593331,1,0.690024,1,
C00792,M,Sudeste,41-60,1896.47,510,134,0,0.463621,0,0.274483,0,
C00793,M,Sul,26-40,3469.32,626,46,1,0.390901,0,0.559758,1,
C00794,F,Sul,41-60,5227.51,722,144,0,0.952106,1,0.90058,1,
C00795,F,Centro-Oeste,60+,5476.71,501,174,0,0.711818,1,0.385588,0,
C00796,M,Sudeste,60+,4955.3,770,240,1,0.991046,1,0.918083,1,
C00797,M,Sudeste,26-40,2507.04,561,21,0,0.255701,0,0.487454,0,
C00798,M,Sudeste,41-60,5072.6,698,144,1,0.947279,1,0.889701,1,
C00799,M,Nordeste,18-25,1000.0,577,0,0,0.063732,0,0.19618,0,
C00800,F,Nordeste,18-25,2297.33,726,0,0,0.435917,0,0.763085,1,
C00801,F,Nordeste,26-40,2365.32,539,0,1,0.088419,0,0.26934,0,
C00802,M,Nordeste,26-40,4150.75,688,74,1,0.654725,1,0.716428,1,
C00803,M,Sudeste,18-25,2820.38,764,50,1,0.746104,1,0.851898,1,
C00804,F,Sudeste,41-60,4119.7,693,142,1,0.825094,1,0.670581,1,
C00805,F,Sudeste,26-40,5279.11,797,73,1,0.908386,1,0.935468,1,
C00806,M,Norte,26-40,13859.46,929,88,1,0.994172,1,0.995657,1,
C00807,F,Sudeste,41-60,3425.62,571,176,0,0.846787,1,0.574693,1,
C00808,M,Sudeste,26-40,7970.28,851,106,1,0.971797,1,0.969536,1,
C00809,M,Sudeste,18-25,1133.12,516,40,0,0.05411,0,0.096321,0,
C00810,M,Sudeste,41-60,2361.2,536,90,1,0.444485,0,0.421179,0,
C00811,F,Sul,41-60,3635.31,615,104,1,0.695117,1,0.642438,1,
C00812,M,Sudeste,41-60,3518.45,554,130,1,0.685053,1,0.523071,1,
C00813,F,Nordeste,18-25,3339.27,688,24,1,0.450978,0,0.703534,1,
C00814,M,Nordeste,26-40,2722.78,444,26,0,0.035823,0,0.079019,0,
C00815,M,Nordeste,26-40,1747.11,676,77,1,0.702857,1,0.734241,1,
C00816,M,Sudeste,26-40,2123.17,588,100,0,0.523964,1,0.46483,0,
C00817,F,Sudeste,26-40,3675.36,658,76,1,0.687881,1,0.734826,1,
C00818,F,Nordeste,26-40,1447.44,566,53,0,0.231143,0,0.323346,0,
C00819,M,Sul,60+,6155.02,728,247,1,0.993821,1,0.935679,1,
C00820,F,Nordeste,26-40,4650.49,564,17,1,0.200532,0,0.439281,0,
C00821,F,Sul,18-25,2353.19,600,0,0,0.143929,0,0.397136,0,
C00822,M,Sul,18-25,1618.54,541,44,0,0.08759,0,0.1431,0,
C00823,F,Sudeste,18-25,1015.34,575,6,0,0.101075,0,0.268287,0,
C00824,M,Norte,26-40,2718.72,643,101,1,0.701023,1,0.656931,1,
C00825,M,Sudeste,18-25,1000.0,452,0,0,0.012831,0,0.039942,0,
C00826,M,Sudeste,41-60,2899.93,616,156,1,0.754116,1,0.509338,1,
C00827,M,Sudeste,26-40,4765.4,774,97,1,0.880321,1,0.877983,1,
C00828,M,Sudeste,18-25,2063.87,684,43,1,0.392986,0,0.569354,1,
C00829,M,Sudeste,41-60,2829.64,557,43,1,0.232583,0,0.373825,0,
C00830,M,Sudeste,60+,3010.83,465,174,0,0.444491,0,0.15906,0,
C00831,F,Nordeste,41-60,9027.75,753,179,1,0.985402,1,0.94958,1,
C00832,M,Nordeste,41-60,2715.48,547,136,1,0.603219,1,0.404209,0,
C00833,M,Nordeste,26-40,8451.6,658,100,0,0.869075,1,0.860074,1,
C00834,M,Sudeste,26-40,1482.44,439,7,1,0.017273,0,0.051662,0,
C00835,M,Sul,41-60,3198.04,738,160,1,0.927891,1,0.81437,1,
C00836,F,Nordeste,26-40,2825.25,698,45,1,0.520567,1,0.689963,1,
C00837,M,Sudeste,26-40,2589.09,596,37,0,0.297661,0,0.481634,0,
C00838,M,Sul,41-60,5922.12,676,211,1,0.97839,1,0.875582,1,
C00839,F,Sul,26-40,2364.54,598,33,0,0.190774,0,0.342158,0,
C00840,M,Centro-Oeste,26-40,4213.08,714,110,1,0.846567,1,0.808152,1,
C00841,F,Nordeste,18-25,4606.42,795,7,1,0.737051,1,0.920173,1,
C00842,M,Norte,26-40,1419.28,549,94,1,0.213646,0,0.18231,0,
C00843,M,Nordeste,41-60,7720.07,574,214,1,0.955897,1,0.757518,1,
C00844,F,Sudeste,26-40,7352.19,784,94,1,0.928816,1,0.933291,1,
C00845,F,Nordeste,41-60,3711.03,639,163,1,0.863714,1,0.665063,1,
C00846,F,Sudeste,41-60,3945.45,525,106,1,0.479396,0,0.403548,0,
C00847,F,Nordeste,41-60,4221.94,592,121,1,0.780063,1,0.681317,1,
C00848,F,Sul,26-40,6542.18,647,27,1,0.581415,1,0.799253,1,
C00849,M,Nordeste,26-40,1561.64,470,52,0,0.053687,0,0.077131,0,
C00850,F,Sul,26-40,3275.43,553,34,1,0.210948,0,0.380532,0,
C00851,M,Norte,41-60,7278.31,770,152,1,0.977553,1,0.948588,1,
C00852,F,Nordeste,26-40,2155.42,578,18,0,0.158005,0,0.351541,0,
C00853,M,Sudeste,26-40,2491.37,506,42,0,0.126501,0,0.218267,0,
C00854,F,Sul,26-40,2663.83,586,50,1,0.205734,0,0.304765,0,
C00855,M,Sudeste,26-40,3886.29,787,98,1,0.902144,1,0.897673,1,
C00856,F,Nordeste,18-25,2622.46,562,0,0,0.075701,0,0.232161,0,
C00857,F,Sul,18-25,1269.45,645,10,0,0.174542,0,0.406223,0,
C00858,F,Nordeste,60+,7579.24,617,220,1,0.975591,1,0.84238,1,
C00859,F,Sul,18-25,1000.0,692,0,0,0.132691,0,0.367694,0,
C00860,M,Sudeste,18-25,2404.44,722,68,1,0.657322,1,0.731381,1,
C00861,F,Nordeste,41-60,6063.24,748,139,1,0.96056,1,0.925023,1,
C00862,M,Sul,26-40,2446.36,614,0,1,0.143779,0,0.387454,0,
C00863,M,Sudeste,18-25,1000.0,571,3,0,0.028024,0,0.085485,0,
C00864,F,Sudeste,26-40,5077.17,695,65,1,0.78743,1,0.853332,1,
C00865,F,Norte,60+,4972.41,626,149,0,0.814798,1,0.637123,1,
C00866,M,Nordeste,41-60,3788.19,573,94,0,0.294035,0,0.264453,0,
C00867,F,Nordeste,26-40,2533.68,474,4,1,0.06406,0,0.192027,0,
C00868,M,Nordeste,41-60,5987.26,665,179,1,0.955068,1,0.845328,1,
C00869,M,Sudeste,26-40,1666.9,563,0,1,0.083445,0,0.253383,0,
C00870,M,Sudeste,41-60,3673.19,691,157,1,0.920282,1,0.803188,1,
C00871,F,Sudeste,41-60,2861.95,564,143,0,0.500534,1,0.278391,0,
C00872,F,Nordeste,26-40,2974.65,778,82,1,0.88694,1,0.903394,1,
C00873,F,Sudeste,60+,2644.76,441,196,0,0.503951,1,0.135932,0,
C00874,M,Nordeste,41-60,4439.27,669,174,1,0.94588,1,0.825943,1,
C00875,M,Sul,60+,3606.94,646,237,0,0.97103,1,0.764604,1,
C00876,F,Sudeste,41-60,3915.19,520,82,1,0.398488,0,0.415242,0,
C00877,M,Norte,41-60,8714.01,720,186,1,0.984453,1,0.93938,1,
C00878,M,Nordeste,41-60,2068.89,474,117,0,0.252393,0,0.160739,0,
C00879,F,Nordeste,41-60,9034.7,606,135,1,0.840424,1,0.732748,1,
C00880,F,Nordeste,60+,4240.59,469,166,1,0.621587,1,0.312996,0,
C00881,M,Sudeste,18-25,1430.75,669,44,1,0.354659,0,0.514717,1,
C00882,F,Sudeste,26-40,6535.14,650,67,1,0.563958,1,0.663039,1,
C00883,F,Centro-Oeste,26-40,1766.94,498,37,0,0.066131,0,0.124894,0,
C00884,F,Centro-Oeste,41-60,2852.6,704,127,1,0.809816,1,0.694009,1,
C00885,F,Centro-Oeste,18-25,1308.72,668,0,0,0.201322,0,0.492313,0,
C00886,M,Nordeste,41-60,3643.24,520,137,0,0.591426,1,0.391718,0,
C00887,M,Sudeste,26-40,3161.48,566,72,0,0.513959,1,0.571528,1,
C00888,M,Sudeste,26-40,2065.32,630,115,0,0.686558,1,0.581272,1,
C00889,M,Nordeste,41-60,4889.03,518,113,0,0.645764,1,0.549063,1,
C00890,F,Sudeste,26-40,1648.26,581,54,0,0.194078,0,0.277509,0,
C00891,F,Nordeste,18-25,1375.19,607,0,0,0.056699,0,0.176414,0,
C00892,M,Sul,18-25,1231.06,579,18,0,0.092894,0,0.219623,0,
C00893,F,Norte,60+,1574.39,612,105,1,0.529042,1,0.446544,0,
C00894,M,Norte,41-60,2359.97,489,109,0,0.163567,0,0.10887,0,
C00895,M,Norte,26-40,3931.62,642,59,0,0.58961,1,0.702478,1,
C00896,F,Centro-Oeste,41-60,4244.95,733,102,1,0.847504,1,0.829568,1,
C00897,F,Nordeste,26-40,2434.29,571,20,0,0.07051,0,0.169054,0,
C00898,F,Sul,60+,1095.76,308,151,0,0.01679,0,0.004642,0,
C00899,M,Sudeste,41-60,2931.16,568,125,0,0.621536,1,0.470371,0,
C00900,F,Nordeste,41-60,2573.74,522,135,0,0.562315,1,0.364025,0,
C00901,M,Sudeste,41-60,5934.56,725,146,1,0.951932,1,0.898538,1,
C00902,M,Norte,41-60,4380.22,757,158,1,0.928495,1,0.818681,1,
C00903,F,Sudeste,41-60,11376.01,594,93,1,0.812385,1,0.816686,1,
C00904,F,Sul,18-25,2302.25,635,0,0,0.091869,0,0.276956,0,
C00905,M,Nordeste,26-40,3440.61,689,33,1,0.510212,1,0.723546,1,
C00906,M,Sudeste,26-40,4269.19,671,106,0,0.614111,1,0.546762,1,
C00907,F,Norte,26-40,3217.46,690,27,1,0.420683,0,0.666187,1,
C00908,M,Norte,41-60,4351.98,419,137,0,0.28442,0,0.13969,0,
C00909,M,Nordeste,18-25,1412.33,693,0,1,0.346131,0,0.674973,1,
C00910,M,Sudeste,41-60,4455.04,662,172,1,0.916547,1,0.754188,1,
C00911,F,Nordeste,41-60,3529.35,747,170,1,0.974228,1,0.917664,1,
C00912,F,Nordeste,26-40,2377.13,345,0,0,0.012467,0,0.041685,0,
C00913,M,Nordeste,60+,4206.66,595,167,0,0.830697,1,0.58795,1,
C00914,M,Nordeste,26-40,5337.45,737,178,1,0.977479,1,0.920882,1,
C00915,M,Nordeste,26-40,1674.93,530,70,0,0.200188,0,0.232076,0,
C00916,F,Sudeste,26-40,1000.0,493,55,0,0.02305,0,0.031206,0,
C00917,M,Sudeste,26-40,9057.39,736,58,0,0.846275,1,0.912232,1,
C00918,M,Sudeste,60+,3553.2,706,236,1,0.981202,1,0.841042,1,
C00919,F,Sul,26-40,3527.66,646,92,1,0.707406,1,0.700171,1,
C00920,F,Centro-Oeste,18-25,2666.19,638,41,0,0.451938,0,0.634739,1,
C00921,M,Nordeste,18-25,2571.22,587,16,0,0.092215,0,0.227266,0,
C00922,F,Sudeste,18-25,1730.38,678,0,1,0.324118,0,0.655346,1,
C00923,M,Norte,41-60,3741.09,595,151,1,0.829143,1,0.642875,1,
C00924,M,Sul,26-40,1000.0,532,79,0,0.161264,0,0.161294,0,
C00925,M,Nordeste,26-40,2309.14,614,87,0,0.333211,0,0.320069,0,
C00926,M,Sudeste,41-60,2832.53,611,170,1,0.850508,1,0.605494,1,
C00927,F,Sudeste,41-60,3721.16,537,117,0,0.268314,0,0.177235,0,
C00928,M,Norte,18-25,2051.81,673,50,0,0.483898,0,0.630031,1,
C00929,M,Sudeste,26-40,5004.15,672,77,0,0.736656,1,0.781888,1,
C00930,M,Nordeste,41-60,7934.09,719,210,1,0.964741,1,0.811791,1,
C00931,F,Norte,26-40,2881.21,643,43,1,0.458187,0,0.635429,1,
C00932,M,Nordeste,26-40,3253.32,579,103,1,0.650046,1,0.591133,1,
C00933,F,Sul,41-60,3708.01,751,121,0,0.934811,1,0.902549,1,
C00934,M,Sul,41-60,4311.31,573,142,0,0.628489,1,0.408176,0,
C00935,M,Sul,26-40,2028.21,454,77,0,0.06093,0,0.061277,0,
C00936,M,Sudeste,60+,2888.34,627,209,0,0.829287,1,0.404031,0,
C00937,F,Centro-Oeste,26-40,4849.12,685,87,1,0.770889,1,0.786916,1,
C00938,M,Centro-Oeste,41-60,5813.41,620,129,1,0.843446,1,0.749124,1,
C00939,F,Nordeste,41-60,4377.8,747,163,1,0.96122,1,0.892779,1,
C00940,M,Nordeste,18-25,4088.51,677,39,1,0.520635,1,0.714649,1,
C00941,F,Nordeste,41-60,4340.13,588,83,0,0.452227,0,0.476438,0,
C00942,F,Sudeste,41-60,2748.88,476,86,1,0.145138,0,0.139255,0,
C00943,M,Sul,60+,3260.23,559,202,0,0.830704,1,0.439998,0,
C00944,M,Nordeste,41-60,4575.65,588,104,0,0.523255,1,0.453116,0,
C00945,M,Nordeste,60+,1365.17,502,205,0,0.67972,1,0.225439,0,
C00946,F,Sul,41-60,3192.74,711,73,1,0.725684,1,0.77966,1,
C00947,M,Sudeste,18-25,2463.48,696,74,1,0.707697,1,0.755514,1,
C00948,M,Nordeste,60+,5062.21,609,188,0,0.885893,1,0.623604,1,
C00949,M,Centro-Oeste,26-40,7398.31,807,110,1,0.958943,1,0.951612,1,
C00950,F,Sudeste,26-40,3496.88,545,36,1,0.226941,0,0.395644,0,
C00951,F,Sudeste,41-60,3104.11,626,91,1,0.469149,0,0.459075,0,
C00952,M,Nordeste,26-40,5153.37,660,95,1,0.81709,1,0.81087,1,
C00953,M,Sudeste,60+,2293.51,534,151,0,0.482222,0,0.242712,0,
C00954,F,Sul,26-40,6121.8,817,0,1,0.879011,1,0.971941,1,
C00955,F,Norte,41-60,5542.43,618,91,1,0.704881,1,0.706467,1,
C00956,M,Norte,41-60,3841.74,634,190,1,0.934048,1,0.743093,1,
C00957,F,Nordeste,41-60,6637.56,769,169,1,0.979534,1,0.938824,1,
C00958,M,Nordeste,26-40,2665.5,705,101,1,0.77768,1,0.746373,1,
C00959,M,Sudeste,41-60,2265.79,681,143,0,0.87561,1,0.747488,1,
C00960,F,Nordeste,41-60,6336.66,662,140,1,0.910478,1,0.829746,1,
C00961,F,Sudeste,26-40,4071.38,573,36,1,0.298869,0,0.49431,0,
C00962,F,Nordeste,26-40,4510.36,639,43,0,0.472424,0,0.657267,1,
C00963,M,Nordeste,41-60,4554.66,600,135,1,0.550953,1,0.362858,0,
C00964,F,Nordeste,26-40,2237.75,542,31,0,0.16162,0,0.308621,0,
C00965,F,Nordeste,60+,6444.03,684,165,1,0.955055,1,0.873976,1,
C00966,F,Nordeste,41-60,8787.2,796,169,1,0.988549,1,0.966422,1,
C00967,M,Sudeste,60+,1689.22,443,196,0,0.469265,0,0.121558,0,
C00968,F,Nordeste,18-25,3283.69,711,0,1,0.389684,0,0.731713,1,
C00969,F,Sudeste,41-60,6426.98,637,147,1,0.905045,1,0.801614,1,
C00970,M,Sudeste,26-40,2736.43,546,59,1,0.183676,0,0.244857,0,
C00971,F,Nordeste,26-40,4389.56,703,130,1,0.900555,1,0.833996,1,
C00972,M,Centro-Oeste,26-40,5017.4,672,96,1,0.841339,1,0.834099,1,
C00973,M,Nordeste,26-40,3705.85,727,94,1,0.847631,1,0.844913,1,
C00974,F,Centro-Oeste,18-25,3398.45,857,0,1,0.774017,1,0.940493,1,
C00975,M,Nordeste,26-40,1852.76,579,63,1,0.308616,0,0.383896,0,
C00976,M,Sudeste,26-40,1980.95,583,101,0,0.31793,0,0.254492,0,
C00977,F,Sudeste,18-25,1262.22,441,0,0,0.009606,0,0.030564,0,
C00978,M,Nordeste,41-60,6235.5,677,177,1,0.973023,1,0.906252,1,
C00979,M,Nordeste,60+,7027.77,988,323,1,0.999815,1,0.994124,1,
C00980,F,Norte,26-40,2952.73,689,86,0,0.728696,1,0.741608,1,
C00981,F,Sudeste,60+,4163.63,729,204,1,0.972445,1,0.85917,1,
C00982,F,Nordeste,26-40,2539.42,545,0,1,0.147735,0,0.399414,0,
C00983,F,Sul,18-25,3127.79,578,8,1,0.232996,0,0.515406,1,
C00984,F,Sudeste,18-25,1071.62,543,0,0,0.030149,0,0.094906,0,
C00985,F,Nordeste,60+,5822.07,748,200,1,0.983907,1,0.921379,1,
C00986,M,Sul,41-60,1782.3,571,134,0,0.538557,1,0.34382,0,
C00987,F,Nordeste,41-60,8336.57,672,168,1,0.980528,1,0.940969,1,
C00988,M,Sul,41-60,2635.85,635,186,0,0.886768,1,0.622395,1,
C00989,F,Sul,26-40,4681.53,678,22,1,0.573097,1,0.80416,1,
C00990,M,Nordeste,41-60,2808.04,483,115,1,0.295398,0,0.202242,0,
C00991,F,Centro-Oeste,60+,3542.25,596,182,1,0.835324,1,0.533879,1,
C00992,F,Sul,18-25,2189.33,700,14,0,0.382278,0,0.669915,1,
C00993,F,Norte,26-40,2988.08,563,59,0,0.320422,0,0.420706,0,
C00994,M,Nordeste,41-60,6214.41,640,143,1,0.900811,1,0.803779,1,
C00995,M,Norte,18-25,5069.62,834,36,1,0.870809,1,0.947365,1,
C00996,M,Sudeste,41-60,2735.42,508,148,0,0.324582,0,0.141944,0,
C00997,M,Sudeste,26-40,2230.95,555,60,1,0.260723,0,0.341526,0,
C00998,F,Sudeste,26-40,2474.47,621,85,0,0.284221,0,0.280526,0,
C00999,F,Nordeste,41-60,7774.69,719,155,1,0.970394,1,0.928467,1,
C01000,M,Nordeste,41-60,3255.08,718,154,1,0.919395,1,0.809189,1,
C01001,M,Sudeste,26-40,1874.71,619,21,1,0.208135,0,0.421968,0,
C01002,F,Nordeste,41-60,1494.23,702,198,1,0.928426,1,0.689283,1,
C01003,M,Sul,26-40,3872.96,648,61,1,0.553233,1,0.663842,1,
C01004,M,Sul,41-60,3566.88,602,143,0,0.770406,1,0.585437,1,
C01005,F,Sudeste,26-40,1552.12,418,22,0,0.016298,0,0.036839,0,
C01006,M,Centro-Oeste,18-25,2571.1,672,64,1,0.533401,1,0.629063,1,
C01007,M,Sudeste,41-60,3918.74,602,146,1,0.746108,1,0.543229,1,
C01008,M,Norte,26-40,3959.5,552,121,1,0.597218,1,0.465456,0,
C01009,F,Centro-Oeste,26-40,1795.91,466,0,0,0.01781,0,0.058043,0,
C01010,F,Nordeste,41-60,9550.93,647,75,1,0.821592,1,0.864418,1,
C01011,M,Sul,41-60,5783.11,707,86,1,0.898349,1,0.910113,1,
C01012,F,Sudeste,60+,6206.07,610,185,1,0.913528,1,0.706693,1,
C01013,F,Nordeste,18-25,2731.13,686,24,1,0.258412,0,0.484392,0,
C01014,M,Sudeste,18-25,1503.93,749,0,0,0.189627,0,0.474648,0,
C01015,M,Sudeste,26-40,4152.57,504,35,0,0.091503,0,0.177575,0,
C01016,M,Nordeste,26-40,4852.05,673,74,1,0.72774,1,0.781866,1,
C01017,F,Sudeste,41-60,2184.57,651,151,1,0.744316,1,0.514196,1,
C01018,M,Sudeste,26-40,4545.61,626,115,1,0.72986,1,0.647222,1,
C01019,F,Norte,26-40,3139.34,690,96,1,0.729956,1,0.712599,1,
C01020,M,Nordeste,41-60,2792.29,578,135,0,0.61639,1,0.425929,0,
C01021,M,Nordeste,41-60,2376.33,588,107,0,0.55332,1,0.469114,0,
C01022,M,Nordeste,41-60,2865.05,580,110,0,0.507172,1,0.414854,0,
C01023,F,Sudeste,18-25,1022.84,489,0,0,0.013373,0,0.04242,0,
C01024,F,Sul,18-25,2529.54,594,42,1,0.347791,0,0.518425,1,
C01025,M,Sudeste,41-60,3235.68,591,172,1,0.744253,1,0.43244,0,
C01026,M,Sul,41-60,10687.26,612,181,1,0.892312,1,0.668168,1,
C01027,F,Centro-Oeste,26-40,2423.96,710,82,0,0.757862,1,0.779661,1,
C01028,F,Sudeste,41-60,5678.56,842,180,1,0.990967,1,0.967978,1,
C01029,M,Norte,41-60,3363.48,561,128,1,0.728537,1,0.582662,1,
C01030,F,Sul,41-60,4030.95,817,228,1,0.996022,1,0.968587,1,
C01031,F,Sudeste,26-40,4177.05,601,51,1,0.454051,0,0.604456,1,
C01032,M,Sudeste,60+,2935.03,518,232,1,0.723043,1,0.193318,0,
C01033,M,Sudeste,26-40,3980.37,641,59,1,0.647884,1,0.751593,1,
C01034,M,Sudeste,41-60,6094.47,640,150,1,0.872005,1,0.732974,1,
C01035,M,Norte,18-25,1759.87,638,15,0,0.311782,0,0.581487,1,
C01036,M,Nordeste,26-40,2858.97,605,17,0,0.337106,0,0.60818,1,
C01037,F,Sudeste,41-60,6067.22,677,155,1,0.936203,1,0.847626,1,
C01038,M,Sudeste,26-40,3602.9,560,69,0,0.417772,0,0.489164,0,
C01039,F,Centro-Oeste,26-40,4362.67,679,109,1,0.821317,1,0.778451,1,
C01040,F,Sudeste,26-40,3449.78,691,37,1,0.593616,1,0.77521,1,
C01041,F,Centro-Oeste,26-40,5280.95,686,63,0,0.538946,1,0.642974,1,
C01042,M,Nordeste,18-25,1717.69,619,42,0,0.339977,0,0.504233,1,
C01043,M,Nordeste,41-60,1906.87,594,169,0,0.47983,0,0.187049,0,
C01044,F,Centro-Oeste,60+,4523.97,723,196,1,0.942105,1,0.753183,1,
C01045,F,Sudeste,60+,4961.4,654,142,0,0.896397,1,0.796462,1,
C01046,M,Sudeste,26-40,1257.34,476,60,0,0.034135,0,0.04316,0,
C01047,F,Sudeste,60+,1635.28,559,122,1,0.334729,0,0.2123,0,
C01048,F,Norte,41-60,5780.03,733,166,1,0.970625,1,0.915077,1,
C01049,M,Nordeste,26-40,2075.66,575,12,1,0.140216,0,0.340219,0,
C01050,F,Sul,41-60,3277.19,596,125,1,0.520367,1,0.36379,0,
C01051,M,Sudeste,18-25,1899.85,638,0,1,0.225752,0,0.533247,1,
C01052,M,Centro-Oeste,26-40,3511.36,531,0,0,0.101766,0,0.307654,0,
C01053,M,Sudeste,26-40,3195.82,603,77,1,0.394099,0,0.435983,0,
C01054,F,Centro-Oeste,26-40,4879.58,726,34,1,0.659601,1,0.834403,1,
C01055,M,Nordeste,60+,2919.48,503,213,1,0.636955,1,0.177618,0,
C01056,F,Sul,26-40,1439.23,511,10,0,0.067774,0,0.181838,0,
C01057,F,Sudeste,41-60,2692.04,542,88,0,0.270867,0,0.251885,0,
C01058,M,Sul,26-40,5274.54,673,56,1,0.59571,1,0.725957,1,
C01059,M,Sudeste,60+,3110.72,575,202,1,0.846436,1,0.469792,0,
C01060,M,Sul,18-25,1000.0,541,19,0,0.037946,0,0.089005,0,
C01061,F,Sudeste,41-60,3391.33,780,167,1,0.973498,1,0.920056,1,
C01062,M,Nordeste,41-60,4699.26,508,136,1,0.621331,1,0.42995,0,
C01063,F,Centro-Oeste,26-40,1757.04,726,67,1,0.441821,0,0.526509,1,
C01064,M,Sudeste,41-60,4884.39,566,70,1,0.552803,1,0.626014,1,
C01065,M,Sudeste,26-40,1309.32,611,118,0,0.681684,1,0.5516,1,
C01066,M,Sudeste,18-25,2372.22,691,18,0,0.391556,0,0.665095,1,
C01067,M,Norte,41-60,3646.22,778,168,1,0.973613,1,0.91962,1,
C01068,F,Sul,41-60,2724.44,554,110,0,0.190064,0,0.13125,0,
C01069,F,Sudeste,18-25,1481.98,563,15,1,0.072551,0,0.185274,0,
C01070,F,Sudeste,26-40,4770.41,678,38,1,0.582668,1,0.768434,1,
C01071,F,Sudeste,41-60,8054.54,762,231,1,0.992575,1,0.942022,1,
C01072,F,Sudeste,41-60,1776.88,573,133,1,0.334116,0,0.178893,0,
C01073,F,Norte,26-40,4140.48,593,19,0,0.382416,0,0.652966,1,
C01074,F,Norte,18-25,1947.04,692,0,1,0.227019,0,0.542408,1,
C01075,F,Sul,41-60,3872.37,563,71,1,0.533318,1,0.598285,1,
C01076,F,Sudeste,26-40,4934.19,686,47,1,0.793871,1,0.888789,1,
C01077,F,Centro-Oeste,41-60,3616.08,595,84,0,0.573813,1,0.590499,1,
C01078,M,Sudeste,41-60,4214.03,692,135,1,0.859743,1,0.756825,1,
C01079,M,Nordeste,60+,4780.52,688,217,1,0.938755,1,0.670349,1,
C01080,M,Sudeste,26-40,2550.47,610,92,1,0.495432,0,0.474905,0,
C01081,M,Sudeste,26-40,1000.0,443,5,0,0.006205,0,0.018046,0,
C01082,F,Sudeste,41-60,1519.55,356,64,0,0.01217,0,0.013927,0,
C01083,F,Nordeste,26-40,6697.98,788,135,1,0.979523,1,0.963751,1,
C01084,F,Norte,41-60,3952.09,613,45,0,0.470226,0,0.642327,1,
C01085,M,Sudeste,41-60,3519.19,470,137,1,0.45576,0,0.26583,0,
C01086,F,Sudeste,18-25,1579.77,552,0,0,0.031509,0,0.102468,0,
C01087,F,Sudeste,26-40,1661.09,490,14,0,0.028573,0,0.074463,0,
C01088,F,Nordeste,41-60,1000.0,315,149,0,0.025044,0,0.007156,0,
C01089,M,Sul,60+,2188.65,517,201,0,0.646467,1,0.210888,0,
C01090,M,Nordeste,18-25,2219.58,823,106,1,0.93428,1,0.920238,1,
C01091,M,Sudeste,26-40,4511.95,650,64,1,0.585645,1,0.685652,1,
C01092,M,Centro-Oeste,26-40,7015.13,852,82,1,0.972742,1,0.979473,1,
C01093,M,Nordeste,41-60,6432.7,594,179,1,0.939958,1,0.796248,1,
C01094,M,Sudeste,18-25,1095.97,569,50,0,0.129482,0,0.194971,0,
C01095,F,Sul,60+,4965.62,743,203,1,0.983264,1,0.913487,1,
C01096,M,Centro-Oeste,18-25,1281.5,614,51,0,0.117546,0,0.174034,0,
C01097,F,Nordeste,26-40,2352.63,680,60,1,0.529023,1,0.627187,1,
C01098,M,Norte,41-60,3908.32,635,157,1,0.914547,1,0.787142,1,
C01099,F,Sudeste,60+,3411.71,541,159,0,0.572917,1,0.286873,0,
C01100,F,Sudeste,41-60,7797.46,655,116,1,0.871783,1,0.828808,1,
C01101,M,Sudeste,26-40,4296.47,774,90,1,0.930782,1,0.935748,1,
C01102,M,Sul,41-60,3230.19,540,181,0,0.719691,1,0.362149,0,
C01103,M,Centro-Oeste,18-25,1438.74,613,71,1,0.420717,0,0.470343,0,
C01104,F,Nordeste,60+,3392.24,614,219,1,0.947604,1,0.695298,1,
C01105,F,Centro-Oeste,26-40,3784.47,684,86,1,0.825844,1,0.837887,1,
C01106,M,Sudeste,41-60,9202.39,642,157,1,0.910162,1,0.783062,1,
C01107,M,Sudeste,26-40,1525.27,535,122,0,0.133176,0,0.071368,0,
C01108,M,Sul,18-25,1342.57,644,52,0,0.128075,0,0.189086,0,
C01109,M,Norte,41-60,6075.43,660,191,1,0.971512,1,0.878625,1,
C01110,M,Nordeste,18-25,1182.99,507,15,1,0.0159,0,0.040817,0,
C01111,M,Sudeste,18-25,1273.8,527,0,0,0.062756,0,0.193038,0,
C01112,M,Nordeste,26-40,5545.05,736,126,1,0.940871,1,0.907137,1,
C01113,F,Sudeste,41-60,3135.03,663,161,1,0.911449,1,0.768461,1,
C01114,F,Sudeste,18-25,1000.0,575,0,0,0.040998,0,0.127138,0,
C01115,M,Nordeste,41-60,2537.88,603,167,1,0.782736,1,0.501289,1,
C01116,M,Sudeste,41-60,1000.0,449,141,0,0.232409,0,0.097909,0,
C01117,M,Nordeste,26-40,2719.23,532,45,0,0.132505,0,0.222862,0,
C01118,F,Sul,18-25,1595.27,662,26,0,0.227557,0,0.43224,0,
C01119,M,Sudeste,41-60,2156.61,539,129,0,0.590413,1,0.412195,0,
C01120,F,Sul,41-60,5455.44,591,109,1,0.760707,1,0.703369,1,
C01121,F,Sul,41-60,2916.96,503,98,0,0.376161,0,0.32618,0,
C01122,F,Nordeste,26-40,2448.66,561,78,0,0.198564,0,0.208526,0,
C01123,M,Sudeste,26-40,3077.74,743,64,1,0.761657,1,0.833192,1,
C01124,M,Nordeste,60+,2136.62,545,287,1,0.96302,1,0.508421,1,
C01125,F,Norte,26-40,3981.55,535,35,0,0.230077,0,0.393322,0,
C01126,M,Sul,26-40,3216.07,575,28,0,0.265477,0,0.479757,0,
C01127,F,Sudeste,60+,4728.09,585,260,0,0.964232,1,0.643055,1,
C01128,F,Nordeste,26-40,5146.98,674,115,1,0.812782,1,0.753373,1,
C01129,M,Sul,41-60,4618.03,571,156,1,0.759017,1,0.520744,1,
C01130,M,Sul,26-40,1745.76,428,50,0,0.025676,0,0.038114,0,
C01131,M,Sudeste,18-25,1000.0,489,12,0,0.048024,0,0.12509,0,
C01132,F,Centro-Oeste,41-60,4839.81,676,132,1,0.91289,1,0.848592,1,
C01133,M,Centro-Oeste,41-60,4139.11,560,153,0,0.542258,1,0.286454,0,
C01134,M,Nordeste,26-40,2763.63,545,50,0,0.160547,0,0.250577,0,
C01135,F,Nordeste,26-40,2540.13,674,0,1,0.169932,0,0.443729,0,
C01136,M,Sul,60+,2702.9,612,231,0,0.907769,1,0.501165,1,
C01137,F,Nordeste,60+,1080.34,420,183,0,0.202115,0,0.044218,0,
C01138,M,Nordeste,26-40,2004.52,583,72,1,0.337431,0,0.38345,0,
C01139,F,Sudeste,26-40,3956.05,681,101,1,0.719905,1,0.677986,1,
C01140,F,Nordeste,18-25,3074.22,682,0,0,0.247496,0,0.579155,1,
C01141,F,Nordeste,26-40,4419.85,649,49,0,0.521514,1,0.680417,1,
C01142,M,Sudeste,41-60,2647.1,627,143,1,0.660805,1,0.434686,0,
C01143,F,Centro-Oeste,26-40,2577.11,569,71,1,0.157096,0,0.182609,0,
C01144,F,Sudeste,18-25,1775.94,498,0,0,0.070219,0,0.215037,0,
C01145,M,Sul,18-25,1000.0,515,47,0,0.036845,0,0.05657,0,
C01146,M,Nordeste,41-60,3219.17,527,107,0,0.449489,0,0.367221,0,
C01147,F,Sul,41-60,2848.57,593,115,1,0.435033,0,0.319244,0,
C01148,F,Sul,41-60,1884.67,375,76,0,0.055405,0,0.056739,0,
C01149,F,Sudeste,18-25,2884.59,746,52,1,0.661751,1,0.786487,1,
C01150,M,Nordeste,26-40,1043.85,461,32,0,0.016886,0,0.032288,0,
C01151,F,Sudeste,26-40,6368.91,892,56,1,0.963474,1,0.981787,1,
C01152,F,Centro-Oeste,26-40,1997.85,454,0,0,0.054315,0,0.170747,0,
C01153,M,Nordeste,26-40,2755.79,446,75,0,0.179782,0,0.196789,0,
C01154,F,Centro-Oeste,41-60,1447.71,606,175,0,0.487407,0,0.174667,0,
C01155,F,Norte,41-60,7454.99,549,70,0,0.614482,1,0.689717,1,
C01156,F,Sudeste,18-25,1826.46,453,0,0,0.021938,0,0.070491,0,
C01157,F,Sudeste,18-25,1000.0,479,0,0,0.030328,0,0.096411,0,
C01158,F,Sul,26-40,2590.28,776,87,1,0.860615,1,0.870257,1,
C01159,F,Sudeste,26-40,3218.12,756,112,1,0.923634,1,0.899187,1,
C01160,M,Centro-Oeste,26-40,11515.07,852,102,1,0.972761,1,0.973226,1,
C01161,F,Norte,26-40,5190.72,727,0,1,0.566051,1,0.854096,1,
C01162,M,Nordeste,18-25,1327.81,720,33,0,0.463556,0,0.669344,1,
C01163,M,Nordeste,26-40,3496.57,626,67,1,0.456439,0,0.531566,1,
C01164,M,Sudeste,41-60,5435.34,697,152,1,0.910269,1,0.801352,1,
C01165,F,Norte,26-40,1550.62,412,34,0,0.012801,0,0.024072,0,
C01166,F,Nordeste,41-60,4971.81,530,155,1,0.821559,1,0.614052,1,
C01167,M,Nordeste,18-25,1311.42,639,0,1,0.175717,0,0.446982,0,
C01168,F,Sudeste,26-40,5621.55,575,0,1,0.203328,0,0.516429,1,
C01169,M,Sudeste,41-60,3203.6,620,165,0,0.767245,1,0.481919,0,
C01170,F,Sudeste,18-25,2728.89,699,0,1,0.355971,0,0.69769,1,
C01171,F,Sudeste,41-60,11851.92,643,63,1,0.701551,1,0.800251,1,
C01172,F,Nordeste,41-60,2983.26,700,141,1,0.894265,1,0.791664,1,
C01173,F,Nordeste,41-60,5726.16,719,144,1,0.942691,1,0.88298,1,
C01174,M,Norte,41-60,2056.05,452,149,1,0.24877,0,0.100504,0,
C01175,M,Norte,26-40,2811.6,652,89,0,0.771283,1,0.770491,1,
C01176,M,Nordeste,26-40,4335.34,693,116,1,0.854953,1,0.80231,1,
C01177,M,Sul,26-40,2339.09,543,62,0,0.195408,0,0.256716,0,
C01178,F,Sudeste,26-40,4674.02,888,68,1,0.96956,1,0.98121,1,
C01179,M,Sudeste,41-60,4989.83,490,139,1,0.639756,1,0.436765,0,
C01180,M,Nordeste,18-25,1676.52,813,113,0,0.836289,1,0.773932,1,
C01181,F,Sudeste,26-40,6555.38,715,59,1,0.882798,1,0.930802,1,
C01182,F,Nordeste,41-60,4304.74,579,125,0,0.46681,0,0.319192,0,
C01183,M,Sul,26-40,2319.81,559,56,1,0.108319,0,0.154037,0,
C01184,M,Nordeste,26-40,3912.15,612,71,0,0.330637,0,0.385881,0,
C01185,M,Sudeste,26-40,3719.87,518,96,0,0.237433,0,0.201782,0,
C01186,M,Centro-Oeste,41-60,5485.77,576,110,0,0.642751,1,0.56738,1,
C01187,F,Sudeste,60+,3592.97,660,168,1,0.906625,1,0.739033,1,
C01188,F,Nordeste,26-40,2753.76,758,86,1,0.842725,1,0.854919,1,
C01189,F,Centro-Oeste,26-40,8214.38,825,47,1,0.937406,1,0.972156,1,
C01190,M,Norte,18-25,1000.0,501,0,0,0.036449,0,0.115433,0,
C01191,F,Nordeste,26-40,1551.29,457,80,0,0.162578,0,0.160657,0,
C01192,F,Sul,26-40,4505.81,676,46,1,0.346508,0,0.51205,1,
C01193,F,Centro-Oeste,41-60,5506.1,728,114,1,0.929419,1,0.906839,1,
C01194,M,Nordeste,18-25,2151.26,692,28,1,0.366415,0,0.601622,1,
C01195,F,Sudeste,41-60,5477.03,749,122,1,0.944199,1,0.917557,1,
C01196,M,Sudeste,26-40,3761.65,713,105,1,0.834347,1,0.804634,1,
C01197,M,Nordeste,41-60,2454.37,507,109,0,0.430291,0,0.334387,0,
C01198,M,Sudeste,26-40,2106.82,603,20,1,0.109126,0,0.257322,0,
C01199,M,Sul,26-40,3144.98,685,66,1,0.647016,1,0.729748,1,
C01200,M,Norte,41-60,13372.93,775,207,1,0.994058,1,0.969094,1,
C01201,F,Nordeste,26-40,1774.94,542,67,0,0.120565,0,0.143114,0,
C01202,M,Sul,41-60,4380.44,699,126,0,0.839919,1,0.755784,1,
C01203,F,Sudeste,26-40,2442.6,636,32,1,0.276263,0,0.479088,0,
C01204,M,Nordeste,41-60,4620.37,638,184,0,0.830962,1,0.516956,1,
C01205,F,Nordeste,18-25,1799.91,708,13,0,0.377408,0,0.665838,1,
C01206,F,Norte,26-40,3506.61,675,80,0,0.754685,1,0.78477,1,
C01207,M,Sudeste,18-25,2403.59,575,18,0,0.215154,0,0.443993,0,
C01208,F,Norte,26-40,2709.6,626,9,1,0.326457,0,0.628183,1,
C01209,F,Sudeste,41-60,2773.85,706,183,1,0.932882,1,0.761632,1,
C01210,F,Sul,18-25,1000.0,510,3,0,0.013568,0,0.041443,0,
C01211,F,Nordeste,18-25,1737.19,701,49,0,0.26796,0,0.390997,0,
C01212,F,Nordeste,26-40,2233.36,685,29,0,0.4412,0,0.66985,1,
C01213,F,Sudeste,26-40,4638.7,465,28,0,0.078906,0,0.168895,0,
C01214,F,Sudeste,60+,3313.43,640,150,1,0.788543,1,0.587162,1,
C01215,F,Sudeste,41-60,5604.35,731,153,1,0.968642,1,0.925008,1,
C01216,F,Sudeste,26-40,6790.97,720,102,1,0.929531,1,0.922915,1,
C01217,F,Sudeste,18-25,1000.0,450,0,0,0.014654,0,0.047612,0,
C01218,M,Sudeste,41-60,1484.17,656,198,1,0.714225,1,0.284154,0,
C01219,M,Nordeste,18-25,1820.21,574,55,0,0.209685,0,0.295163,0,
C01220,F,Sudeste,26-40,2770.93,648,66,0,0.574686,1,0.658858,1,
C01221,F,Sudeste,41-60,6634.53,687,174,1,0.9182,1,0.752074,1,
C01222,M,Sudeste,26-40,1991.18,466,1,0,0.069514,0,0.209575,0,
C01223,M,Sudeste,60+,1725.78,519,207,0,0.784497,1,0.33255,0,
C01224,F,Centro-Oeste,26-40,5287.97,746,43,1,0.798991,1,0.901161,1,
C01225,M,Sudeste,26-40,5025.09,696,69,1,0.756267,1,0.820523,1,
C01226,F,Sudeste,18-25,2683.32,680,27,0,0.484472,0,0.716548,1,
C01227,F,Nordeste,26-40,2710.29,629,68,1,0.420046,0,0.485317,0,
C01228,F,Sul,41-60,7228.74,662,102,0,0.714942,1,0.678922,1,
C01229,M,Nordeste,41-60,5241.02,608,159,1,0.876291,1,0.706004,1,
C01230,M,Sudeste,26-40,1643.91,592,59,0,0.219025,0,0.29349,0,
C01231,F,Sudeste,26-40,1317.15,455,42,0,0.021779,0,0.036208,0,
C01232,M,Centro-Oeste,60+,3654.3,644,220,1,0.944887,1,0.685169,1,
C01233,F,Nordeste,60+,1809.1,566,155,0,0.690815,1,0.417899,0,
C01234,F,Sul,26-40,5559.23,658,49,0,0.5801,1,0.73458,1,
C01235,F,Sudeste,26-40,1551.42,316,0,0,0.00995,0,0.031791,0,
C01236,M,Sudeste,41-60,2793.88,690,193,1,0.941755,1,0.758913,1,
C01237,F,Nordeste,60+,2320.62,675,189,0,0.938699,1,0.756114,1,
C01238,F,Nordeste,41-60,5174.86,572,117,1,0.581161,1,0.473276,0,
C01239,F,Nordeste,41-60,3912.4,594,76,1,0.497061,0,0.547458,1,
C01240,M,Sudeste,18-25,3374.03,655,47,1,0.468015,0,0.634585,1,
C01241,M,Sudeste,41-60,6181.02,696,228,1,0.984983,1,0.887566,1,
C01242,M,Sudeste,60+,5065.46,658,231,1,0.958235,1,0.717263,1,
C01243,M,Sul,18-25,1115.27,544,0,0,0.032137,0,0.105729,0,
C01244,M,Sul,18-25,2714.05,756,35,1,0.534779,1,0.739142,1,
C01245,F,Nordeste,26-40,3675.14,611,114,0,0.694877,1,0.604696,1,
C01246,M,Sul,41-60,2698.16,561,93,1,0.377307,0,0.350041,0,
C01247,F,Sudeste,18-25,2240.51,512,0,0,0.026757,0,0.088888,0,
C01248,F,Sudeste,60+,2903.42,597,198,1,0.925997,1,0.682938,1,
C01249,F,Centro-Oeste,26-40,2419.74,641,36,0,0.30081,0,0.493536,0,
C01250,M,Norte,41-60,7906.48,678,172,0,0.977068,1,0.926666,1,
C01251,F,Sudeste,41-60,3395.73,674,177,0,0.953008,1,0.837081,1,
C01252,F,Sudeste,41-60,3934.64,647,120,1,0.786544,1,0.697509,1,
C01253,M,Sul,18-25,4201.07,693,20,1,0.630343,1,0.843076,1,
C01254,F,Sudeste,41-60,3113.53,634,106,1,0.727988,1,0.670445,1,
C01255,F,Sudeste,60+,2423.37,480,171,0,0.417786,0,0.143261,0,
C01256,F,Nordeste,26-40,3978.51,637,55,0,0.340239,0,0.461714,0,
C01257,M,Sul,26-40,3976.16,527,79,0,0.411903,0,0.441738,0,
C01258,F,Centro-Oeste,41-60,4487.64,489,150,0,0.392541,0,0.182442,0,
C01259,F,Nordeste,41-60,4311.08,615,115,1,0.753461,1,0.672549,1,
C01260,M,Nordeste,18-25,1664.97,531,0,0,0.025377,0,0.083266,0,
C01261,F,Sudeste,41-60,6113.25,465,118,0,0.427394,0,0.313844,0,
C01262,F,Sul,26-40,1601.8,486,55,0,0.04423,0,0.061635,0,
C01263,F,Sul,26-40,3622.97,666,49,1,0.494786,0,0.654628,1,
C01264,F,Sudeste,41-60,3202.54,627,110,0,0.57473,1,0.490611,0,
C01265,M,Sul,60+,5154.48,582,206,1,0.915788,1,0.632765,1,
C01266,F,Nordeste,26-40,3077.77,523,58,0,0.22869,0,0.313129,0,
C01267,F,Sul,26-40,3925.7,780,76,0,0.904803,1,0.927482,1,
C01268,M,Sudeste,18-25,1516.5,620,30,0,0.145804,0,0.277314,0,
C01269,F,Sudeste,41-60,4730.91,688,128,1,0.929579,1,0.883079,1,
C01270,M,Sudeste,26-40,3390.79,667,77,1,0.670414,1,0.715147,1,
C01271,F,Nordeste,18-25,2797.38,698,0,1,0.193861,0,0.488959,0,
C01272,F,Sudeste,41-60,3599.18,656,132,1,0.843446,1,0.73525,1,
C01273,F,Centro-Oeste,18-25,2590.3,621,0,0,0.09784,0,0.291827,0,
C01274,F,Sudeste,18-25,1975.69,702,5,1,0.403557,0,0.717406,1,
C01275,M,Centro-Oeste,26-40,3503.25,682,48,1,0.608425,1,0.754354,1,
C01276,F,Nordeste,26-40,1740.52,555,54,1,0.171864,0,0.247146,0,
C01277,M,Sudeste,26-40,1000.0,486,28,0,0.040824,0,0.08545,0,
C01278,M,Nordeste,18-25,1000.0,643,0,0,0.052503,0,0.163477,0,
C01279,F,Sudeste,26-40,3387.79,650,5,1,0.352171,0,0.675892,1,
C01280,M,Sul,18-25,1363.13,591,16,0,0.058037,0,0.144435,0,
C01281,M,Sudeste,26-40,2236.59,620,78,0,0.42427,0,0.457101,0,
C01282,M,Sudeste,41-60,4498.42,614,163,1,0.922417,1,0.789139,1,
C01283,F,Sudeste,41-60,6373.72,670,162,0,0.950336,1,0.866611,1,
C01284,F,Nordeste,60+,5914.62,615,169,1,0.879655,1,0.682047,1,
C01285,M,Centro-Oeste,18-25,2494.82,696,51,0,0.608054,1,0.740647,1,
C01286,M,Centro-Oeste,41-60,4405.4,628,146,1,0.780387,1,0.583473,1,
C01287,F,Centro-Oeste,18-25,2835.53,721,36,1,0.462137,0,0.672769,1,
C01288,F,Norte,41-60,8425.81,718,149,1,0.974631,1,0.943965,1,
C01289,F,Sudeste,26-40,2085.73,615,50,0,0.127243,0,0.196749,0,
C01290,F,Sudeste,26-40,2765.57,715,93,1,0.835322,1,0.830102,1,
C01291,M,Sudeste,41-60,4475.69,573,129,1,0.732496,1,0.591403,1,
C01292,F,Sudeste,26-40,2312.94,628,47,0,0.310884,0,0.459179,0,
C01293,F,Sul,60+,3008.32,537,137,1,0.647507,1,0.447574,0,
C01294,F,Sudeste,26-40,2678.73,507,14,0,0.084294,0,0.217976,0,
C01295,F,Sudeste,60+,3393.35,551,203,1,0.770159,1,0.334276,0,
C01296,F,Sul,26-40,7133.09,606,0,1,0.480495,0,0.80067,1,
C01297,F,Nordeste,26-40,1604.74,522,20,0,0.038073,0,0.090684,0,
C01298,M,Sudeste,41-60,1614.12,577,183,0,0.813301,1,0.471827,0,
C01299,F,Norte,41-60,3549.54,654,59,0,0.534462,1,0.652881,1,
C01300,F,Nordeste,41-60,4266.6,699,147,1,0.901152,1,0.793557,1,
C01301,M,Norte,26-40,2077.3,590,37,1,0.124762,0,0.225133,0,
C01302,M,Sul,41-60,5093.55,606,96,1,0.700189,1,0.681958,1,
C01303,M,Sudeste,41-60,4999.19,496,100,0,0.582533,1,0.531648,1,
C01304,M,Nordeste,26-40,5126.76,543,103,1,0.496677,0,0.439992,0,
C01305,F,Norte,26-40,1778.15,574,31,0,0.192253,0,0.342933,0,
C01306,F,Norte,26-40,4280.33,466,0,1,0.066555,0,0.215959,0,
C01307,F,Nordeste,26-40,5189.2,701,24,0,0.625967,1,0.835092,1,
C01308,F,Sudeste,41-60,3708.76,515,77,1,0.242662,0,0.269577,0,
C01309,M,Centro-Oeste,26-40,1766.69,539,37,0,0.05767,0,0.106977,0,
C01310,F,Sul,26-40,1000.0,344,21,0,0.005828,0,0.012568,0,
C01311,M,Sudeste,41-60,6991.37,683,145,1,0.931227,1,0.859387,1,
C01312,M,Nordeste,41-60,5728.1,677,109,1,0.850136,1,0.81616,1,
C01313,F,Norte,18-25,2058.78,606,2,0,0.173556,0,0.441336,0,
C01314,M,Sudeste,60+,3737.37,595,239,0,0.925589,1,0.533047,1,
C01315,F,Nordeste,18-25,2398.49,597,0,1,0.115724,0,0.327889,0,
C01316,F,Nordeste,26-40,2367.36,601,63,0,0.284089,0,0.352636,0,
C01317,M,Nordeste,41-60,3158.4,659,102,1,0.735819,1,0.695841,1,
C01318,F,Sudeste,26-40,7170.22,730,69,0,0.897248,1,0.93111,1,
C01319,M,Sudeste,41-60,1492.45,474,90,0,0.061413,0,0.049997,0,
C01320,M,Sudeste,41-60,6437.67,705,171,1,0.953233,1,0.859395,1,
C01321,M,Sudeste,41-60,4770.84,622,164,0,0.825614,1,0.584783,1,
C01322,F,Sudeste,26-40,2490.2,712,57,1,0.420508,0,0.537984,1,
C01323,F,Nordeste,26-40,7001.12,762,84,1,0.897899,1,0.915828,1,
C01324,F,Sudeste,18-25,3935.32,701,58,1,0.73572,1,0.827287,1,
C01325,M,Nordeste,41-60,5249.63,564,189,1,0.880581,1,0.602984,1,
C01326,F,Sudeste,26-40,1839.14,523,85,0,0.105028,0,0.096453,0,
C01327,F,Nordeste,26-40,1954.12,553,0,0,0.094083,0,0.280954,0,
C01328,M,Sudeste,18-25,1000.0,571,24,0,0.044439,0,0.097506,0,
C01329,F,Norte,26-40,4153.93,612,30,1,0.386032,0,0.618395,1,
C01330,F,Sudeste,60+,2343.9,540,162,0,0.646037,1,0.346459,0,
C01331,F,Sudeste,26-40,3821.14,596,84,1,0.566388,1,0.584484,1,
C01332,M,Nordeste,26-40,4579.21,618,56,0,0.683694,1,0.788638,1,
C01333,M,Nordeste,26-40,1415.86,510,34,0,0.038302,0,0.073194,0,
C01334,M,Nordeste,41-60,1365.68,416,113,0,0.064751,0,0.035899,0,
C01335,M,Centro-Oeste,60+,2457.31,440,130,0,0.132882,0,0.062935,0,
C01336,F,Sudeste,41-60,2384.42,455,132,0,0.113635,0,0.051862,0,
C01337,M,Norte,41-60,4044.85,596,126,0,0.6945,1,0.558199,1,
C01338,M,Nordeste,26-40,3819.59,638,115,1,0.762898,1,0.683951,1,
C01339,M,Sudeste,41-60,2211.13,430,93,0,0.083435,0,0.066059,0,
C01340,F,Sul,26-40,4065.61,657,0,1,0.353265,0,0.698272,1,
C01341,F,Nordeste,26-40,2924.61,679,62,0,0.655647,1,0.747486,1,
C01342,M,Sudeste,26-40,2306.14,462,46,0,0.037781,0,0.061586,0,
C01343,F,Sudeste,41-60,2748.21,538,105,0,0.385195,0,0.313051,0,
C01344,F,Nordeste,41-60,7761.44,703,163,1,0.970044,1,0.918039,1,
C01345,F,Nordeste,26-40,3414.56,541,18,0,0.07256,0,0.180274,0,
C01346,F,Nordeste,60+,9662.71,793,236,1,0.995533,1,0.962734,1,
C01347,M,Sudeste,41-60,5060.0,722,203,1,0.983581,1,0.914311,1,
C01348,M,Nordeste,41-60,1896.93,560,178,0,0.532178,1,0.194621,0,
C01349,M,Centro-Oeste,26-40,2108.15,529,51,0,0.183916,0,0.272935,0,
C01350,F,Nordeste,18-25,1406.25,560,0,1,0.106003,0,0.302951,0,
C01351,M,Centro-Oeste,41-60,8809.04,633,133,1,0.893713,1,0.820485,1,
C01352,M,Sudeste,26-40,2628.67,695,56,1,0.425913,0,0.546488,1,
C01353,M,Sul,18-25,1000.0,490,0,1,0.044032,0,0.136452,0,
C01354,F,Nordeste,26-40,7880.87,805,80,1,0.962975,1,0.972543,1,
C01355,M,Centro-Oeste,26-40,3047.05,564,18,1,0.208459,0,0.437996,0,
C01356,M,Sul,26-40,2850.37,550,100,0,0.198974,0,0.158115,0,
C01357,F,Centro-Oeste,26-40,2859.29,491,0,0,0.059681,0,0.193197,0,
C01358,M,Sudeste,18-25,2840.96,636,54,1,0.39251,0,0.526737,1,
C01359,F,Sudeste,41-60,2293.04,587,109,0,0.570299,1,0.477469,0,
C01360,F,Nordeste,41-60,5319.96,702,91,0,0.705482,1,0.704773,1,
C01361,F,Sudeste,26-40,5461.41,544,31,0,0.329709,0,0.552682,1,
C01362,M,Nordeste,41-60,3841.6,604,107,1,0.698485,1,0.634989,1,
C01363,F,Sul,26-40,3383.53,767,43,1,0.7971,1,0.897423,1,
C01364,M,Sudeste,26-40,4564.59,623,86,0,0.489954,0,0.495466,0,
C01365,M,Sudeste,41-60,11704.93,744,165,1,0.982031,1,0.950987,1,
C01366,M,Centro-Oeste,41-60,3736.47,652,115,0,0.721499,1,0.636543,1,
C01367,F,Norte,41-60,5676.99,654,91,0,0.737578,1,0.742975,1,
C01368,M,Sudeste,26-40,3953.53,540,119,0,0.503229,1,0.378986,0,
C01369,F,Nordeste,26-40,8411.38,566,30,1,0.269232,0,0.484611,0,
C01370,M,Sudeste,26-40,2015.63,550,37,1,0.23055,0,0.38553,0,
C01371,M,Nordeste,26-40,5005.97,861,115,1,0.978482,1,0.972294,1,
C01372,F,Nordeste,41-60,4814.91,648,182,1,0.950191,1,0.819711,1,
C01373,M,Sudeste,26-40,2949.26,711,90,1,0.7244,1,0.727166,1,
C01374,M,Sul,60+,2252.73,628,223,1,0.923258,1,0.580325,1,
C01375,F,Nordeste,41-60,7723.7,641,162,1,0.944096,1,0.85182,1,
C01376,M,Norte,26-40,1440.85,584,51,0,0.198538,0,0.290788,0,
C01377,M,Sudeste,41-60,2715.16,523,156,1,0.602026,1,0.326831,0,
C01378,F,Sudeste,26-40,4058.21,690,58,1,0.775662,1,0.855749,1,
C01379,F,Nordeste,41-60,3707.64,630,85,1,0.58279,1,0.600365,1,
C01380,M,Sudeste,26-40,2496.11,689,39,1,0.265716,0,0.433071,0,
C01381,F,Sudeste,41-60,1847.87,458,79,0,0.13085,0,0.132905,0,
C01382,F,Sudeste,26-40,3287.88,734,80,0,0.81305,1,0.840778,1,
C01383,F,Nordeste,26-40,1912.67,474,0,0,0.024769,0,0.080166,0,
C01384,F,Nordeste,26-40,2171.13,613,79,1,0.238272,0,0.249548,0,
C01385,F,Nordeste,41-60,2701.19,462,97,1,0.221452,0,0.184113,0,
C01386,M,Sul,26-40,2692.21,588,73,0,0.196715,0,0.22376,0,
C01387,M,Centro-Oeste,18-25,2830.02,634,28,1,0.280581,0,0.503382,1,
C01388,M,Sudeste,18-25,2472.01,741,9,0,0.494541,0,0.781931,1,
C01389,M,Sudeste,41-60,4032.35,613,117,0,0.791218,1,0.710145,1,
C01390,F,Norte,41-60,3491.83,669,118,1,0.780342,1,0.696579,1,
C01391,F,Sul,26-40,4029.54,702,41,1,0.634593,1,0.796911,1,
C01392,F,Nordeste,41-60,4041.91,596,148,0,0.766146,1,0.562192,1,
C01393,M,Sudeste,26-40,3431.62,605,37,0,0.253963,0,0.434705,0,
C01394,F,Nordeste,41-60,3515.06,521,126,0,0.532485,1,0.375668,0,
C01395,F,Nordeste,18-25,1846.22,592,21,0,0.102755,0,0.229601,0,
C01396,F,Nordeste,26-40,3869.01,694,48,1,0.579457,1,0.734358,1,
C01397,F,Sudeste,60+,8033.85,720,216,1,0.987958,1,0.925269,1,
C01398,F,Sudeste,26-40,3990.78,597,108,0,0.618291,1,0.544852,1,
C01399,F,Sul,18-25,1462.95,514,0,0,0.024312,0,0.078493,0,
C01400,M,Centro-Oeste,41-60,2735.17,586,126,1,0.574496,1,0.418854,0,
C01401,F,Sudeste,41-60,4024.4,719,149,0,0.951004,1,0.888484,1,
C01402,F,Sudeste,26-40,3824.26,609,65,0,0.252373,0,0.320017,0,
C01403,F,Nordeste,18-25,1117.76,598,0,0,0.085449,0,0.254844,0,
C01404,M,Sul,41-60,3222.29,567,107,0,0.621104,1,0.543194,1,
C01405,M,Sudeste,18-25,1543.22,701,46,0,0.590912,1,0.734302,1,
C01406,M,Sudeste,26-40,1932.56,673,66,0,0.484024,0,0.567958,1,
C01407,F,Nordeste,41-60,4350.16,524,80,0,0.552304,1,0.579977,1,
C01408,F,Centro-Oeste,26-40,2304.82,469,8,1,0.068735,0,0.192166,0,
C01409,M,Centro-Oeste,26-40,2313.14,535,17,0,0.092991,0,0.228575,0,
C01410,F,Sudeste,18-25,2362.32,698,0,1,0.353355,0,0.692407,1,
C01411,F,Sudeste,41-60,3320.05,636,182,1,0.826045,1,0.508551,1,
C01412,M,Centro-Oeste,26-40,2616.48,541,11,0,0.115992,0,0.297278,0,
C01413,M,Nordeste,41-60,2815.47,512,165,0,0.648387,1,0.338571,0,
C01414,F,Centro-Oeste,18-25,2272.54,769,68,1,0.697599,1,0.769399,1,
C01415,M,Sudeste,26-40,2061.86,616,59,0,0.355899,0,0.458158,0,
C01416,M,Sudeste,41-60,3983.61,611,155,1,0.752287,1,0.517353,1,
C01417,M,Sudeste,41-60,3866.09,529,129,1,0.538628,1,0.37326,0,
C01418,F,Norte,41-60,2703.27,485,111,0,0.159262,0,0.103801,0,
C01419,M,Sudeste,26-40,3361.01,581,125,0,0.74813,1,0.62078,1,
C01420,F,Nordeste,18-25,1058.1,525,0,0,0.015256,0,0.049179,0,
C01421,F,Sudeste,26-40,3220.66,646,60,0,0.484173,0,0.599082,1,
C01422,F,Sudeste,26-40,3637.42,575,33,0,0.160937,0,0.313703,0,
C01423,M,Centro-Oeste,18-25,1350.89,560,49,0,0.047692,0,0.074023,0,
C01424,M,Nordeste,41-60,2259.48,453,118,0,0.137984,0,0.078162,0,
C01425,F,Nordeste,26-40,2339.98,553,13,0,0.141536,0,0.339023,0,
C01426,F,Sul,18-25,1381.32,605,47,0,0.302409,0,0.434968,0,
C01427,M,Norte,60+,4895.02,595,264,1,0.97759,1,0.733929,1,
C01428,M,Sudeste,26-40,6702.28,772,100,1,0.868424,1,0.863796,1,
C01429,M,Sudeste,60+,2310.1,632,207,1,0.919264,1,0.628848,1,
C01430,F,Sul,26-40,6887.69,721,38,1,0.728594,1,0.870812,1,
C01431,F,Sudeste,18-25,2814.14,759,43,1,0.695459,1,0.832821,1,
C01432,M,Sul,41-60,2609.99,565,163,1,0.680616,1,0.383859,0,
C01433,M,Sudeste,41-60,4892.75,658,148,1,0.874817,1,0.741983,1,
C01434,M,Sudeste,60+,3536.5,644,171,0,0.898619,1,0.70944,1,
C01435,F,Sudeste,26-40,7885.17,843,126,1,0.982492,1,0.974056,1,
C01436,M,Nordeste,41-60,5166.85,794,206,1,0.991724,1,0.95485,1,
C01437,F,Nordeste,26-40,4014.02,699,124,1,0.902657,1,0.848522,1,
C01438,F,Nordeste,26-40,7920.34,547,30,0,0.357146,0,0.594865,1,
C01439,F,Sudeste,60+,2226.04,728,226,1,0.970492,1,0.79115,1,
C01440,M,Nordeste,26-40,6398.47,617,140,1,0.845243,1,0.71913,1,
C01441,M,Sul,26-40,5267.18,714,107,1,0.843199,1,0.814583,1,
C01442,M,Sudeste,26-40,4700.62,699,52,1,0.782461,1,0.873577,1,
C01443,M,Nordeste,60+,3323.14,644,214,0,0.953217,1,0.738261,1,
C01444,M,Nordeste,26-40,3063.89,651,58,0,0.496002,0,0.617455,1,
C01445,F,Sudeste,41-60,5647.98,597,88,1,0.573579,1,0.584861,1,
C01446,M,Sudeste,26-40,3208.18,610,63,0,0.255447,0,0.327165,0,
C01447,M,Nordeste,26-40,6685.0,651,52,1,0.627249,1,0.765069,1,
C01448,M,Sudeste,18-25,1978.59,695,60,0,0.574228,1,0.678107,1,
C01449,M,Sudeste,26-40,2011.85,494,8,0,0.057638,0,0.164725,0,
C01450,M,Nordeste,60+,5629.58,660,208,1,0.973068,1,0.853283,1,
C01451,M,Sul,41-60,3620.23,438,113,0,0.200454,0,0.129576,0,
C01452,F,Sudeste,26-40,1912.49,543,25,0,0.086857,0,0.192881,0,
C01453,F,Sudeste,26-40,2793.85,626,84,0,0.503771,1,0.519038,1,
C01454,M,Nordeste,41-60,2884.51,473,147,0,0.555907,1,0.312385,0,
C01455,F,Nordeste,26-40,2852.37,537,0,0,0.079089,0,0.249026,0,
C01456,F,Sudeste,18-25,1897.06,594,0,0,0.062094,0,0.194376,0,
C01457,M,Sudeste,18-25,1435.42,614,46,0,0.30648,0,0.445595,0,
C01458,M,Sudeste,26-40,4281.11,762,113,1,0.875995,1,0.840688,1,
C01459,F,Nordeste,60+,1306.99,546,142,0,0.302781,0,0.135576,0,
C01460,M,Norte,26-40,3466.85,733,102,1,0.850383,1,0.830164,1,
C01461,F,Sudeste,18-25,1716.1,485,0,0,0.029714,0,0.099111,0,
C01462,F,Sudeste,41-60,1741.38,475,131,0,0.271035,0,0.142652,0,
C01463,M,Norte,41-60,1489.48,511,110,0,0.095557,0,0.059292,0,
C01464,F,Nordeste,41-60,3833.99,739,162,1,0.951338,1,0.867839,1,
C01465,M,Sudeste,26-40,3990.99,660,86,1,0.731493,1,0.746674,1,
C01466,F,Sudeste,26-40,7965.98,778,34,1,0.864465,1,0.946802,1,
C01467,M,Sudeste,41-60,2745.16,622,131,1,0.71915,1,0.56262,1,
C01468,M,Nordeste,26-40,3493.6,685,83,1,0.839718,1,0.85609,1,
C01469,F,Sudeste,18-25,1696.71,610,0,0,0.055218,0,0.175314,0,
C01470,F,Nordeste,18-25,2894.02,703,0,1,0.404392,0,0.740648,1,
C01471,M,Centro-Oeste,26-40,3314.34,703,83,1,0.762024,1,0.785036,1,
C01472,F,Sudeste,26-40,4296.06,496,26,0,0.134296,0,0.287183,0,
C01473,M,Centro-Oeste,18-25,1909.71,617,19,0,0.182382,0,0.378388,0,
C01474,F,Centro-Oeste,18-25,1000.0,423,0,0,0.007286,0,0.022625,0,
C01475,M,Sul,18-25,2192.77,629,12,0,0.278608,0,0.55778,1,
C01476,M,Sudeste,26-40,2358.41,457,34,0,0.050739,0,0.097495,0,
C01477,M,Sudeste,41-60,1905.53,370,92,0,0.027075,0,0.020593,0,
C01478,M,Nordeste,26-40,5616.7,671,88,1,0.680516,1,0.687723,1,
C01479,M,Sudeste,26-40,4392.38,785,36,1,0.873037,1,0.946468,1,
C01480,F,Sudeste,18-25,1734.8,609,45,1,0.193152,0,0.309785,0,
C01481,M,Nordeste,41-60,6715.03,842,226,1,0.996826,1,0.976921,1,
C01482,M,Sudeste,41-60,2136.25,615,127,0,0.681537,1,0.527407,1,
C01483,F,Nordeste,18-25,2965.77,663,10,1,0.394385,0,0.696527,1,
C01484,M,Norte,41-60,4277.34,679,175,1,0.936843,1,0.798829,1,
C01485,F,Norte,18-25,1509.49,700,15,1,0.309566,0,0.583263,1,
C01486,F,Norte,41-60,9587.9,698,163,1,0.952934,1,0.876844,1,
C01487,M,Nordeste,26-40,3206.95,705,112,1,0.707652,1,0.623221,1,
C01488,M,Sudeste,26-40,5598.07,754,35,1,0.810124,1,0.918128,1,
C01489,M,Nordeste,26-40,4879.51,840,94,1,0.944633,1,0.94775,1,
C01490,F,Sudeste,26-40,2670.64,599,39,0,0.440788,0,0.627048,1,
C01491,M,Sul,41-60,2239.28,569,181,1,0.792676,1,0.453604,0,
C01492,F,Centro-Oeste,41-60,4003.21,634,114,1,0.709338,1,0.62565,1,
C01493,M,Nordeste,26-40,2649.17,474,31,0,0.036235,0,0.075126,0,
C01494,M,Sudeste,41-60,3349.58,496,197,0,0.721057,1,0.303166,0,
C01495,F,Sudeste,18-25,2698.53,669,25,1,0.440476,0,0.685028,1,
C01496,F,Sudeste,41-60,2896.15,641,143,0,0.762506,1,0.57494,1,
C01497,M,Sudeste,41-60,3920.91,547,117,0,0.625049,1,0.509702,1,
C01498,F,Nordeste,26-40,6123.47,580,52,1,0.514521,1,0.662489,1,
C01499,M,Nordeste,41-60,2692.48,507,124,0,0.319095,0,0.19071,0,
C01500,M,Centro-Oeste,26-40,5954.33,672,97,0,0.873086,1,0.867013,1,
C01501,F,Sudeste,26-40,2604.32,564,17,0,0.133656,0,0.30315,0,
C01502,M,Sudeste,18-25,2220.3,523,41,1,0.108649,0,0.192472,0,
C01503,M,Sudeste,18-25,1792.24,630,0,0,0.138826,0,0.384912,0,
C01504,M,Sudeste,18-25,1709.36,608,47,0,0.09661,0,0.155708,0,
C01505,M,Centro-Oeste,41-60,6030.19,569,133,1,0.62889,1,0.450471,0,
C01506,F,Norte,41-60,1479.03,467,82,0,0.136507,0,0.131273,0,
C01507,F,Sul,60+,1493.63,562,115,0,0.212818,0,0.132642,0,
C01508,F,Nordeste,26-40,7029.7,753,79,1,0.853388,1,0.885892,1,
C01509,M,Norte,26-40,2154.22,612,69,1,0.430447,0,0.497156,0,
C01510,F,Sudeste,60+,1479.69,471,171,0,0.542324,1,0.216548,0,
C01511,M,Sudeste,26-40,3321.76,620,59,0,0.505026,1,0.620232,1,
C01512,M,Sul,41-60,10739.11,711,214,1,0.983992,1,0.907272,1,
C01513,F,Centro-Oeste,41-60,5180.31,599,91,1,0.739918,1,0.738358,1,
C01514,M,Norte,41-60,4393.81,721,185,1,0.960473,1,0.850378,1,
C01515,M,Centro-Oeste,26-40,1622.63,375,37,0,0.010879,0,0.019279,0,
C01516,M,Nordeste,41-60,4238.94,786,147,1,0.975585,1,0.946232,1,
C01517,M,Sudeste,41-60,2523.95,541,134,0,0.579751,1,0.386276,0,
C01518,M,Sudeste,26-40,5019.83,829,90,1,0.923512,1,0.931677,1,
C01519,F,Norte,60+,3675.43,646,236,1,0.966841,1,0.741978,1,
C01520,M,Sudeste,26-40,2253.16,579,49,0,0.2057,0,0.314821,0,
C01521,F,Sudeste,41-60,16259.77,802,170,1,0.993996,1,0.982933,1,
C01522,F,Sudeste,41-60,3313.64,508,98,0,0.205971,0,0.167283,0,
C01523,M,Centro-Oeste,41-60,5683.66,770,107,1,0.939315,1,0.929076,1,
C01524,M,Nordeste,41-60,5778.66,500,147,1,0.568887,1,0.340746,0,
C01525,F,Nordeste,18-25,1159.86,607,0,1,0.063125,0,0.199094,0,
C01526,M,Sudeste,41-60,6119.4,709,123,1,0.885424,1,0.831977,1,
C01527,F,Sudeste,26-40,2246.1,594,79,0,0.407693,0,0.433166,0,
C01528,F,Sudeste,41-60,6482.29,640,163,1,0.935508,1,0.827034,1,
C01529,F,Nordeste,18-25,2211.6,748,0,1,0.529943,1,0.825646,1,
C01530,F,Sudeste,18-25,3637.8,727,0,1,0.531969,1,0.831651,1,
C01531,F,Sudeste,41-60,3486.01,503,88,0,0.393444,0,0.382787,0,
C01532,M,Nordeste,41-60,2792.67,431,105,0,0.177386,0,0.123969,0,
C01533,F,Sudeste,26-40,4073.94,613,30,1,0.242853,0,0.439896,0,
C01534,M,Sul,26-40,3400.86,612,91,0,0.591068,1,0.581514,1,
C01535,M,Nordeste,26-40,1655.43,509,39,0,0.119349,0,0.209189,0,
C01536,M,Nordeste,26-40,4292.93,764,63,1,0.81215,1,0.877307,1,
C01537,F,Centro-Oeste,26-40,2531.65,674,66,1,0.580181,1,0.665031,1,
C01538,F,Sudeste,18-25,1635.15,628,0,0,0.143666,0,0.39219,0,
C01539,F,Sudeste,26-40,5683.51,592,0,1,0.279443,0,0.620989,1,
C01540,M,Norte,26-40,1578.27,546,61,0,0.252446,0,0.320493,0,
C01541,F,Nordeste,26-40,2886.55,669,68,0,0.50527,1,0.589257,1,
C01542,M,Nordeste,41-60,2799.8,622,168,0,0.786309,1,0.507228,1,
C01543,F,Nordeste,18-25,1384.99,467,0,0,0.009112,0,0.029638,0,
C01544,M,Sudeste,26-40,4699.77,726,45,1,0.734936,1,0.857843,1,
C01545,F,Sudeste,26-40,2275.21,602,22,0,0.092985,0,0.211938,0,
C01546,M,Nordeste,18-25,1121.06,503,30,1,0.035175,0,0.073229,0,
C01547,M,Sul,18-25,1000.0,599,27,1,0.123907,0,0.250412,0,
C01548,F,Nordeste,18-25,3076.93,700,54,1,0.635332,1,0.757433,1,
C01549,F,Nordeste,26-40,6254.23,465,17,0,0.083418,0,0.208917,0,
C01550,F,Sudeste,41-60,9411.11,676,160,0,0.965251,1,0.910022,1,
C01551,M,Sudeste,26-40,3634.86,737,107,1,0.878637,1,0.852671,1,
C01552,M,Nordeste,26-40,7793.9,575,73,0,0.567433,1,0.639589,1,
C01553,F,Sudeste,18-25,2154.83,566,15,1,0.147286,0,0.342161,0,
C01554,M,Sudeste,41-60,1915.56,641,182,0,0.808206,1,0.466987,0,
C01555,F,Nordeste,18-25,3052.68,759,30,1,0.68328,1,0.853526,1,
C01556,F,Sudeste,41-60,4757.39,713,128,1,0.907521,1,0.85051,1,
C01557,F,Nordeste,60+,5022.48,562,157,1,0.67891,1,0.418634,0,
C01558,M,Centro-Oeste,26-40,3147.68,685,101,0,0.755786,1,0.723462,1,
C01559,M,Sudeste,26-40,4042.65,727,53,1,0.697411,1,0.813461,1,
C01560,M,Norte,26-40,2761.36,702,117,0,0.8056,1,0.730381,1,
C01561,M,Norte,26-40,3138.18,424,55,0,0.033765,0,0.048582,0,
C01562,F,Sudeste,41-60,4401.99,585,137,0,0.692536,1,0.500518,1,
C01563,F,Nordeste,26-40,3350.78,688,54,1,0.669228,1,0.784109,1,
C01564,F,Sudeste,26-40,3120.87,404,17,0,0.023493,0,0.059776,0,
C01565,M,Nordeste,41-60,7832.52,562,181,1,0.773486,1,0.440302,0,
C01566,F,Sudeste,26-40,1000.0,390,0,0,0.010274,0,0.03274,0,
C01567,M,Sudeste,41-60,3317.96,569,183,0,0.830914,1,0.517128,1,
C01568,F,Sudeste,41-60,3250.17,587,116,0,0.687006,1,0.582542,1,
C01569,F,Nordeste,26-40,3991.03,616,18,1,0.352615,0,0.629035,1,
C01570,M,Nordeste,26-40,5467.81,730,88,0,0.930074,1,0.93695,1,
C01571,M,Nordeste,18-25,1943.25,716,70,1,0.541031,1,0.6132,1,
C01572,M,Sudeste,60+,3090.12,616,230,0,0.947953,1,0.657029,1,
C01573,M,Nordeste,18-25,1591.61,572,26,0,0.074321,0,0.158613,0,
C01574,M,Sul,60+,1000.0,423,200,0,0.308991,0,0.058395,0,
C01575,F,Sudeste,26-40,1223.82,397,0,0,0.006615,0,0.020673,0,
C01576,M,Sudeste,26-40,4478.17,650,98,1,0.676695,1,0.65299,1,
C01577,M,Sul,60+,2602.14,423,183,0,0.461928,0,0.145274,0,
C01578,F,Sudeste,26-40,2127.62,405,0,0,0.006201,0,0.020448,0,
C01579,F,Sudeste,41-60,4725.35,640,99,1,0.721864,1,0.696609,1,
C01580,M,Norte,26-40,4740.23,668,69,1,0.778136,1,0.8352,1,
C01581,M,Sudeste,18-25,1000.0,530,40,1,0.059308,0,0.104735,0,
C01582,F,Sudeste,41-60,2574.92,641,148,1,0.761368,1,0.551273,1,
C01583,F,Norte,60+,4285.05,633,177,1,0.943016,1,0.807444,1,
C01584,M,Sudeste,18-25,1561.35,611,0,0,0.244316,0,0.551096,1,
C01585,M,Sul,41-60,3741.04,634,188,1,0.91099,1,0.682796,1,
C01586,M,Nordeste,60+,4853.06,590,243,0,0.92035,1,0.491541,0,
C01587,F,Nordeste,41-60,5977.65,653,105,1,0.898768,1,0.880126,1,
C01588,F,Sudeste,26-40,3164.71,518,10,0,0.082157,0,0.227687,0,
C01589,F,Sul,41-60,2377.76,525,104,1,0.360715,0,0.290209,0,
C01590,F,Sudeste,18-25,1584.79,541,0,0,0.058837,0,0.186596,0,
C01591,M,Sudeste,18-25,1000.0,447,0,0,0.005729,0,0.018064,0,
C01592,M,Centro-Oeste,26-40,3114.64,655,118,0,0.498328,0,0.375032,0,
C01593,F,Sudeste,26-40,4539.52,572,38,0,0.307267,0,0.498638,0,
C01594,F,Nordeste,18-25,1853.78,617,0,0,0.132861,0,0.372122,0,
C01595,F,Nordeste,41-60,3184.91,527,173,1,0.419619,0,0.146263,0,
C01596,M,Sudeste,41-60,6853.08,680,171,1,0.952433,1,0.856363,1,
C01597,M,Nordeste,18-25,1000.0,538,22,1,0.051389,0,0.1184,0,
C01598,F,Norte,41-60,4233.99,767,173,1,0.988911,1,0.962609,1,
C01599,M,Centro-Oeste,26-40,4468.69,538,38,0,0.211409,0,0.359475,0,
C01600,F,Nordeste,41-60,3101.04,440,84,0,0.092708,0,0.086675,0,
C01601,F,Sudeste,26-40,1794.95,572,26,0,0.164356,0,0.329203,0,
C01602,F,Centro-Oeste,41-60,3336.55,664,135,1,0.799965,1,0.662181,1,
C01603,M,Centro-Oeste,41-60,1000.0,364,100,0,0.015158,0,0.009544,0,
C01604,M,Nordeste,18-25,2353.94,625,32,1,0.342717,0,0.554595,1,
C01605,M,Sudeste,60+,1683.8,735,215,0,0.97017,1,0.813617,1,
C01606,F,Nordeste,41-60,5656.37,587,98,0,0.603252,1,0.562589,1,
C01607,M,Centro-Oeste,41-60,1968.14,378,106,0,0.057958,0,0.03613,0,
C01608,M,Nordeste,41-60,3981.08,639,133,0,0.723873,1,0.558646,1,
C01609,M,Sudeste,18-25,1965.98,643,38,1,0.357346,0,0.54519,1,
C01610,M,Nordeste,41-60,3349.58,511,93,0,0.209514,0,0.182183,0,
C01611,M,Nordeste,26-40,1619.72,621,35,0,0.223859,0,0.376094,0,
C01612,M,Sul,26-40,3714.16,717,60,1,0.749185,1,0.83315,1,
C01613,F,Sudeste,26-40,2562.21,638,59,0,0.484517,0,0.5973,1,
C01614,M,Sudeste,18-25,1000.0,476,27,0,0.022213,0,0.045758,0,
C01615,F,Sudeste,60+,3854.79,681,186,1,0.94842,1,0.803896,1,
C01616,M,Norte,41-60,2558.66,559,145,0,0.719565,1,0.498336,0,
C01617,M,Sudeste,60+,2200.78,567,183,1,0.767256,1,0.408858,0,
C01618,M,Centro-Oeste,41-60,7718.55,640,188,1,0.954097,1,0.823953,1,
C01619,M,Nordeste,26-40,4982.5,694,77,1,0.599796,1,0.648724,1,
C01620,M,Nordeste,60+,1581.11,699,242,0,0.95742,1,0.657488,1,
C01621,M,Centro-Oeste,41-60,7648.43,667,163,1,0.960643,1,0.892231,1,
C01622,M,Centro-Oeste,26-40,3751.62,618,101,0,0.61908,1,0.574303,1,
C01623,F,Sul,26-40,4693.39,562,67,1,0.442685,0,0.528686,1,
C01624,M,Nordeste,41-60,3760.7,545,109,0,0.39911,0,0.308062,0,
C01625,M,Sudeste,41-60,3805.48,719,177,1,0.946798,1,0.823338,1,
C01626,F,Norte,26-40,7083.26,670,73,1,0.538517,1,0.609731,1,
C01627,F,Sudeste,18-25,2453.96,711,1,1,0.252708,0,0.580702,1,
C01628,M,Sudeste,18-25,2177.19,651,39,0,0.31682,0,0.499278,0,
C01629,F,Nordeste,41-60,3700.01,694,201,1,0.97357,1,0.866512,1,
C01630,M,Norte,26-40,1364.16,550,75,0,0.110065,0,0.115142,0,
C01631,M,Sudeste,26-40,5625.85,734,116,1,0.916588,1,0.88775,1,
C01632,F,Sul,26-40,3676.21,697,36,1,0.4937,0,0.702342,1,
C01633,M,Sul,26-40,3040.58,575,59,0,0.343883,0,0.448578,0,
C01634,F,Norte,41-60,5927.62,684,96,0,0.868465,1,0.864747,1,
C01635,M,Sudeste,41-60,5898.4,530,174,0,0.891651,1,0.681134,1,
C01636,F,Nordeste,26-40,5609.62,749,49,1,0.849938,1,0.922437,1,
C01637,F,Nordeste,26-40,4222.72,608,12,0,0.383889,0,0.681097,1,
C01638,M,Sudeste,41-60,2096.41,593,141,1,0.510773,1,0.30089,0,
C01639,M,Sudeste,26-40,5332.46,722,45,1,0.686634,1,0.827991,1,
C01640,F,Sul,26-40,3465.58,730,78,0,0.72617,1,0.760206,1,
C01641,M,Sudeste,18-25,1545.32,526,31,1,0.093441,0,0.186314,0,
C01642,F,Sudeste,26-40,3485.77,537,15,0,0.131914,0,0.32013,0,
C01643,M,Sudeste,41-60,7250.75,595,192,1,0.891743,1,0.616767,1,
C01644,F,Norte,26-40,5381.17,719,15,1,0.537019,1,0.803892,1,
C01645,M,Sul,26-40,5425.06,653,61,0,0.596983,1,0.698996,1,
C01646,F,Sudeste,41-60,4299.11,612,107,1,0.606478,1,0.52755,1,
C01647,M,Sudeste,26-40,5934.45,671,73,1,0.772923,1,0.825097,1,
C01648,F,Sudeste,18-25,3401.98,619,37,1,0.44561,0,0.646299,1,
C01649,M,Sul,26-40,2335.75,643,68,1,0.547488,1,0.622006,1,
C01650,M,Sudeste,26-40,7768.06,792,80,1,0.938026,1,0.953381,1,
C01651,F,Nordeste,26-40,3019.53,457,7,0,0.026538,0,0.079594,0,
C01652,F,Sudeste,26-40,3630.93,557,38,1,0.338064,0,0.526929,1,
C01653,F,Nordeste,18-25,2383.26,693,13,1,0.514892,1,0.780269,1,
C01654,F,Centro-Oeste,26-40,4503.15,710,80,1,0.759931,1,0.796169,1,
C01655,M,Sudeste,26-40,6668.3,737,67,1,0.701026,1,0.780365,1,
C01656,M,Sudeste,18-25,1591.15,631,36,0,0.252133,0,0.422503,0,
C01657,M,Sudeste,60+,5775.01,578,162,1,0.764412,1,0.510301,1,
C01658,M,Sudeste,41-60,2196.32,411,101,0,0.130384,0,0.092199,0,
C01659,F,Sul,18-25,1157.37,628,34,0,0.23943,0,0.406249,0,
C01660,F,Sudeste,60+,2413.27,528,226,0,0.631844,1,0.146117,0,
C01661,M,Sudeste,26-40,2114.26,557,61,1,0.328887,0,0.41406,0,
C01662,M,Sudeste,26-40,1930.4,590,21,0,0.068921,0,0.161927,0,
C01663,M,Sul,18-25,1773.26,584,61,0,0.18181,0,0.242275,0,
C01664,M,Sul,60+,3198.46,546,212,0,0.793589,1,0.331341,0,
C01665,M,Sul,26-40,3827.69,591,33,0,0.275461,0,0.478521,0,
C01666,M,Nordeste,26-40,1028.67,550,62,0,0.115422,0,0.147443,0,
C01667,F,Sul,26-40,2754.82,688,32,0,0.506426,1,0.719567,1,
C01668,F,Sudeste,41-60,6801.87,495,59,0,0.408172,0,0.524977,1,
C01669,M,Norte,60+,3810.03,600,174,1,0.853792,1,0.601593,1,
C01670,M,Sul,26-40,4554.31,563,57,0,0.339168,0,0.458756,0,
C01671,F,Centro-Oeste,41-60,3346.01,484,146,1,0.543975,1,0.309516,0,
C01672,F,Nordeste,26-40,3998.14,703,0,1,0.252529,0,0.581874,1,
C01673,F,Norte,41-60,2759.24,479,74,0,0.093534,0,0.101821,0,
C01674,M,Sudeste,26-40,2540.76,615,67,1,0.213728,0,0.261957,0,
C01675,F,Nordeste,26-40,2462.97,623,15,0,0.143962,0,0.334161,0,
C01676,F,Sul,41-60,11740.65,842,173,1,0.99408,1,0.982208,1,
C01677,M,Sul,18-25,1962.45,645,76,0,0.33565,0,0.361968,0,
C01678,M,Sudeste,18-25,1337.76,634,51,0,0.191996,0,0.286079,0,
C01679,M,Centro-Oeste,18-25,2533.26,710,72,1,0.696529,1,0.753284,1,
C01680,M,Sudeste,41-60,3769.45,628,127,1,0.584035,1,0.424579,0,
C01681,M,Nordeste,26-40,1602.18,513,54,0,0.169942,0,0.239352,0,
C01682,M,Sudeste,26-40,3392.38,568,3,0,0.091678,0,0.267252,0,
C01683,M,Nordeste,18-25,1000.0,517,0,0,0.021427,0,0.070762,0,
C01684,F,Nordeste,41-60,4125.3,673,171,1,0.966818,1,0.891994,1,
C01685,F,Norte,26-40,3712.02,792,88,1,0.839719,1,0.853662,1,
C01686,M,Sudeste,26-40,5292.19,676,119,1,0.841993,1,0.779312,1,
C01687,M,Nordeste,60+,5917.12,680,236,1,0.983219,1,0.859878,1,
C01688,M,Nordeste,41-60,3496.51,522,137,0,0.493699,0,0.301987,0,
C01689,M,Sudeste,26-40,1000.0,533,74,0,0.088222,0,0.090672,0,
C01690,F,Norte,60+,3621.09,592,159,1,0.630158,1,0.345194,0,
C01691,F,Sul,41-60,5151.9,699,124,1,0.886458,1,0.828281,1,
C01692,M,Sudeste,41-60,6548.78,670,171,0,0.947813,1,0.842731,1,
C01693,F,Sul,26-40,1589.65,479,0,0,0.029062,0,0.091958,0,
C01694,M,Sudeste,18-25,1747.43,786,45,1,0.590432,1,0.737843,1,
C01695,F,Sudeste,18-25,1000.0,704,0,0,0.193636,0,0.478711,0,
C01696,M,Sul,41-60,9722.18,630,170,1,0.946379,1,0.843066,1,
C01697,M,Sudeste,41-60,1888.94,562,149,0,0.472755,0,0.231949,0,
C01698,F,Nordeste,18-25,3491.83,671,21,1,0.497128,0,0.748838,1,
C01699,M,Norte,41-60,4363.07,467,100,0,0.148628,0,0.116212,0,
C01700,F,Centro-Oeste,41-60,4133.57,640,131,0,0.835193,1,0.727195,1,
C01701,F,Sudeste,26-40,3364.87,611,65,1,0.519655,1,0.610747,1,
C01702,F,Sudeste,41-60,7409.44,679,103,1,0.924764,1,0.915538,1,
C01703,M,Nordeste,26-40,1851.95,576,71,1,0.201621,0,0.236643,0,
C01704,F,Sul,18-25,1451.37,621,0,1,0.178157,0,0.451126,0,
C01705,M,Sudeste,41-60,5572.31,792,178,1,0.986386,1,0.952511,1,
C01706,F,Norte,41-60,4457.3,547,98,0,0.363296,0,0.327347,0,
C01707,M,Sudeste,60+,4189.81,619,206,0,0.91324,1,0.625187,1,
C01708,F,Centro-Oeste,26-40,7769.73,809,111,1,0.954539,1,0.945934,1,
C01709,M,Nordeste,26-40,1915.04,516,28,0,0.10254,0,0.212608,0,
C01710,M,Sudeste,41-60,3916.96,606,146,1,0.841986,1,0.683619,1,
C01711,F,Nordeste,41-60,1496.41,400,113,0,0.042138,0,0.023116,0,
C01712,F,Sudeste,18-25,2944.11,820,0,1,0.584957,1,0.863023,1,
C01713,F,Nordeste,41-60,5094.92,525,178,1,0.755001,1,0.424953,0,
C01714,M,Centro-Oeste,26-40,2381.74,590,74,0,0.204207,0,0.227403,0,
C01715,M,Sudeste,18-25,1628.48,622,28,0,0.224322,0,0.415468,0,
C01716,M,Nordeste,18-25,3404.14,781,25,1,0.705132,1,0.877163,1,
C01717,M,Nordeste,41-60,6069.26,610,111,1,0.702747,1,0.635236,1,
C01718,M,Sudeste,41-60,8843.75,806,211,1,0.995971,1,0.977042,1,
C01719,M,Nordeste,41-60,5553.55,719,142,1,0.951565,1,0.902695,1,
C01720,F,Nordeste,18-25,1584.86,562,0,1,0.112718,0,0.320268,0,
C01721,M,Norte,60+,5187.67,683,211,1,0.970218,1,0.833933,1,
C01722,F,Sudeste,41-60,4694.32,566,128,0,0.491458,0,0.330679,0,
C01723,M,Centro-Oeste,26-40,2684.0,611,24,1,0.260664,0,0.489909,0,
C01724,M,Nordeste,26-40,2826.09,558,14,1,0.148145,0,0.351916,0,
C01725,F,Sudeste,60+,2176.9,538,177,0,0.534531,1,0.198817,0,
C01726,M,Sul,18-25,1063.69,439,0,0,0.012843,0,0.041902,0,
C01727,F,Sul,26-40,4115.03,630,0,0,0.333329,0,0.676562,1,
C01728,F,Nordeste,18-25,1492.28,582,0,0,0.084127,0,0.255007,0,
C01729,M,Sudeste,18-25,2593.72,650,16,0,0.219887,0,0.469913,0,
C01730,F,Centro-Oeste,18-25,1668.55,528,0,1,0.032401,0,0.104471,0,
C01731,F,Sudeste,26-40,1641.71,658,77,0,0.394955,0,0.428991,0,
C01732,M,Sul,60+,4521.07,735,214,1,0.982251,1,0.891875,1,
C01733,M,Sudeste,26-40,3963.14,713,71,1,0.87333,1,0.906684,1,
C01734,M,Sudeste,26-40,1827.01,578,35,0,0.079947,0,0.152272,0,
C01735,M,Nordeste,26-40,4886.01,662,118,1,0.830025,1,0.764211,1,
C01736,M,Norte,26-40,3112.28,477,0,0,0.053127,0,0.174782,0,
C01737,M,Centro-Oeste,41-60,5094.0,638,179,0,0.919613,1,0.740897,1,
C01738,F,Norte,26-40,2860.07,714,55,1,0.792627,1,0.870905,1,
C01739,M,Sudeste,41-60,3116.2,407,85,0,0.052024,0,0.047034,0,
C01740,F,Sudeste,18-25,2061.68,541,0,0,0.030682,0,0.10164,0,
C01741,M,Sudeste,26-40,1731.06,649,73,0,0.520305,1,0.570898,1,
C01742,M,Nordeste,18-25,1723.0,652,0,0,0.122476,0,0.353146,0,
C01743,M,Nordeste,26-40,2235.76,537,52,0,0.07587,0,0.114447,0,
C01744,M,Sul,18-25,1743.69,590,0,0,0.041231,0,0.134365,0,
C01745,M,Centro-Oeste,26-40,2410.18,555,53,0,0.239719,0,0.342887,0,
C01746,F,Sul,26-40,1839.37,593,12,0,0.059725,0,0.160167,0,
C01747,F,Nordeste,26-40,1941.9,672,57,0,0.484721,0,0.603264,1,
C01748,M,Nordeste,41-60,3234.76,672,164,1,0.856027,1,0.648086,1,
C01749,F,Sudeste,18-25,1326.61,817,0,1,0.47255,0,0.788223,1,
C01750,F,Nordeste,41-60,3506.17,495,106,0,0.261052,0,0.19394,0,
C01751,F,Sudeste,18-25,2267.91,633,3,0,0.282515,0,0.598548,1,
C01752,F,Sudeste,41-60,3961.93,426,4,0,0.02084,0,0.066665,0,
C01753,M,Sudeste,18-25,2892.57,469,21,0,0.036934,0,0.088946,0,
C01754,M,Nordeste,41-60,3150.15,543,138,1,0.550162,1,0.348434,0,
C01755,F,Norte,41-60,4625.57,686,110,0,0.687095,1,0.613226,1,
C01756,M,Nordeste,41-60,5445.06,710,150,1,0.94137,1,0.869033,1,
C01757,M,Centro-Oeste,18-25,2401.75,554,49,1,0.302048,0,0.432628,0,
C01758,F,Nordeste,60+,2694.48,636,207,1,0.905381,1,0.591282,1,
C01759,F,Sudeste,41-60,4259.25,460,128,0,0.292542,0,0.165678,0,
C01760,M,Norte,26-40,4770.4,662,77,0,0.684609,1,0.733743,1,
C01761,M,Sudeste,60+,4559.38,730,236,1,0.971595,1,0.77346,1,
C01762,M,Nordeste,41-60,8041.37,705,147,0,0.942953,1,0.880972,1,
C01763,F,Sudeste,18-25,1827.19,614,0,1,0.089985,0,0.276103,0,
C01764,M,Sul,18-25,1159.53,491,57,0,0.016482,0,0.021946,0,
C01765,M,Sudeste,26-40,3069.9,640,119,1,0.503619,1,0.374183,0,
C01766,F,Sul,26-40,2287.76,561,47,0,0.222267,0,0.341828,0,
C01767,F,Centro-Oeste,26-40,2389.57,649,7,0,0.263972,0,0.563494,1,
C01768,F,Sudeste,60+,4483.75,657,132,0,0.804119,1,0.672578,1,
C01769,M,Nordeste,26-40,3394.69,636,74,1,0.651861,1,0.704676,1,
C01770,F,Norte,41-60,2834.0,460,95,1,0.299139,0,0.259637,0,
C01771,F,Nordeste,18-25,2093.48,794,33,1,0.778287,1,0.898943,1,
C01772,M,Sudeste,41-60,2875.24,408,113,0,0.117997,0,0.071176,0,
C01773,M,Sudeste,18-25,1881.08,652,0,0,0.070689,0,0.221958,0,
C01774,M,Nordeste,26-40,2004.08,475,86,0,0.216637,0,0.203821,0,
C01775,M,Sul,41-60,4685.89,722,204,1,0.98493,1,0.919218,1,
C01776,M,Nordeste,41-60,6327.23,619,147,1,0.851646,1,0.706585,1,
C01777,M,Sul,41-60,3444.57,585,63,0,0.253031,0,0.322989,0,
C01778,M,Sudeste,18-25,1000.0,574,0,0,0.038397,0,0.125072,0,
C01779,M,Nordeste,26-40,4565.62,723,108,1,0.922205,1,0.904336,1,
C01780,F,Sudeste,26-40,2385.03,606,70,0,0.409118,0,0.47285,0,
C01781,M,Sudeste,18-25,1984.34,662,30,1,0.395534,0,0.618102,1,
C01782,F,Nordeste,26-40,3053.17,724,49,1,0.573709,1,0.725386,1,
C01783,F,Nordeste,26-40,2642.84,659,122,0,0.759364,1,0.649979,1,
C01784,M,Sul,41-60,4025.12,542,140,1,0.621905,1,0.415861,0,
C01785,M,Sudeste,26-40,5067.85,671,61,1,0.731226,1,0.818091,1,
C01786,F,Nordeste,41-60,6581.49,538,141,0,0.83019,1,0.684801,1,
C01787,F,Sudeste,60+,2488.22,487,145,0,0.262086,0,0.111731,0,
C01788,F,Sul,18-25,1054.24,618,0,0,0.077401,0,0.235817,0,
C01789,M,Nordeste,41-60,3313.16,518,131,0,0.492465,0,0.319853,0,
C01790,M,Sudeste,18-25,1000.0,487,63,0,0.044912,0,0.053364,0,
C01791,F,Nordeste,26-40,3735.72,611,88,1,0.567549,1,0.571513,1,
C01792,F,Sudeste,41-60,3490.4,591,89,0,0.587148,1,0.583272,1,
C01793,F,Nordeste,26-40,1067.4,496,18,0,0.051916,0,0.124678,0,
C01794,M,Sudeste,26-40,1592.62,550,20,0,0.053094,0,0.125267,0,
C01795,F,Centro-Oeste,41-60,10782.31,734,141,1,0.978409,1,0.958773,1,
C01796,F,Centro-Oeste,41-60,3863.97,569,112,0,0.33259,0,0.244252,0,
C01797,F,Sul,60+,2914.48,609,162,0,0.842598,1,0.621524,1,
C01798,M,Norte,41-60,1632.94,435,85,0,0.039351,0,0.034054,0,
C01799,F,Sul,26-40,2956.05,606,28,1,0.17845,0,0.358457,0,
C01800,F,Sudeste,26-40,5123.68,744,32,1,0.570935,1,0.783569,1,
C01801,F,Sudeste,26-40,5217.34,632,82,0,0.784704,1,0.809294,1,
C01802,F,Norte,26-40,3839.76,598,47,1,0.382938,0,0.546284,1,
C01803,M,Nordeste,41-60,4779.72,608,160,0,0.853334,1,0.658163,1,
C01804,F,Sudeste,26-40,3143.27,627,15,1,0.379324,0,0.662603,1,
C01805,M,Nordeste,18-25,1160.92,668,0,0,0.073635,0,0.223456,0,
C01806,F,Sul,26-40,4985.17,675,90,1,0.806446,1,0.813055,1,
C01807,F,Sudeste,26-40,2517.06,568,1,1,0.13211,0,0.367523,0,
C01808,M,Sudeste,26-40,2627.07,727,139,1,0.894838,1,0.798197,1,
C01809,M,Norte,18-25,1044.74,487,0,0,0.009062,0,0.029046,0,
C01810,F,Sul,41-60,1773.7,427,91,0,0.114162,0,0.096143,0,
C01811,F,Sudeste,26-40,2946.89,672,5,1,0.271599,0,0.588205,1,
C01812,F,Centro-Oeste,26-40,1634.54,558,0,1,0.102286,0,0.297217,0,
C01813,M,Sudeste,60+,2046.54,508,266,0,0.921282,1,0.388061,0,
C01814,F,Sudeste,41-60,9125.18,786,165,1,0.98797,1,0.966804,1,
C01815,F,Nordeste,26-40,2654.41,596,45,0,0.399462,0,0.562801,1,
C01816,F,Norte,18-25,1075.39,481,0,0,0.007543,0,0.024249,0,
C01817,M,Nordeste,26-40,2780.76,618,29,0,0.097365,0,0.206309,0,
C01818,M,Nordeste,60+,3116.19,666,246,1,0.985023,1,0.846354,1,
C01819,M,Sudeste,18-25,1414.95,622,22,1,0.1765,0,0.363912,0,
C01820,F,Sudeste,26-40,5084.74,761,18,1,0.653718,1,0.866051,1,
C01821,F,Centro-Oeste,41-60,3977.69,530,91,0,0.227834,0,0.207924,0,
C01822,F,Sudeste,26-40,1678.62,488,20,0,0.050976,0,0.123127,0,
C01823,F,Norte,26-40,2646.37,445,45,0,0.088701,0,0.148517,0,
C01824,F,Sudeste,41-60,2292.72,489,62,0,0.05042,0,0.06521,0,
C01825,F,Nordeste,26-40,1524.97,577,84,1,0.29958,0,0.295756,0,
C01826,F,Sudeste,26-40,2592.96,603,16,0,0.246097,0,0.500602,1,
C01827,M,Sudeste,26-40,4977.51,743,89,1,0.898066,1,0.906283,1,
C01828,M,Sudeste,18-25,1766.78,590,20,1,0.201106,0,0.410455,0,
C01829,M,Norte,26-40,1353.94,499,62,0,0.038039,0,0.047435,0,
C01830,M,Norte,26-40,3346.13,762,120,1,0.929368,1,0.89586,1,
C01831,F,Sul,41-60,4571.54,656,109,1,0.856451,1,0.819065,1,
C01832,M,Nordeste,60+,4795.73,598,226,0,0.88535,1,0.459081,0,
C01833,F,Sudeste,26-40,2122.33,577,0,0,0.087704,0,0.269462,0,
C01834,M,Sul,18-25,1889.13,622,34,0,0.244588,0,0.423043,0,
C01835,M,Sul,41-60,17843.15,812,146,1,0.991297,1,0.983272,1,
C01836,F,Norte,26-40,2468.24,588,0,0,0.140602,0,0.390201,0,
C01837,M,Nordeste,18-25,1379.89,619,31,0,0.169746,0,0.320335,0,
C01838,F,Sudeste,26-40,2296.07,655,10,0,0.143862,0,0.354124,0,
C01839,M,Centro-Oeste,18-25,2891.55,618,0,0,0.112694,0,0.327349,0,
C01840,F,Nordeste,41-60,3150.03,491,122,0,0.230431,0,0.135217,0,
C01841,M,Norte,60+,1718.06,581,162,0,0.673527,1,0.373018,0,
C01842,M,Sul,18-25,1168.02,487,6,0,0.032901,0,0.097014,0,
C01843,M,Norte,41-60,2791.34,569,141,0,0.703845,1,0.498279,0,
C01844,M,Norte,26-40,3820.22,657,71,1,0.592071,1,0.664604,1,
C01845,F,Centro-Oeste,41-60,2773.36,589,101,0,0.519459,1,0.462502,0,
C01846,F,Nordeste,41-60,5380.2,649,104,1,0.630656,1,0.586474,1,
C01847,M,Sudeste,26-40,1272.12,394,23,0,0.021769,0,0.04677,0,
C01848,M,Centro-Oeste,41-60,4551.35,681,138,1,0.923007,1,0.853191,1,
C01849,M,Sudeste,26-40,1852.73,602,105,0,0.54193,1,0.461763,0,
C01850,F,Sul,18-25,1166.66,655,0,0,0.083609,0,0.247139,0,
C01851,M,Sudeste,41-60,2427.33,566,203,1,0.910751,1,0.611153,1,
C01852,M,Sudeste,41-60,3026.04,617,92,1,0.66025,1,0.645924,1,
C01853,M,Norte,41-60,3737.64,677,153,0,0.755722,1,0.524347,1,
C01854,F,Sudeste,41-60,4847.88,624,63,1,0.590052,1,0.691512,1,
C01855,F,Sudeste,26-40,2754.04,742,31,1,0.744665,1,0.883934,1,
C01856,M,Sul,41-60,4720.07,674,151,1,0.93847,1,0.857425,1,
C01857,M,Sudeste,26-40,4503.33,674,65,1,0.734527,1,0.809649,1,
C01858,M,Norte,26-40,4700.24,647,94,0,0.701817,1,0.693359,1,
C01859,M,Sudeste,18-25,1327.41,558,0,0,0.036714,0,0.116659,0,
C01860,F,Norte,41-60,2596.05,537,89,0,0.451859,0,0.434577,0,
C01861,F,Sul,41-60,6245.11,650,129,1,0.903479,1,0.841313,1,
C01862,F,Sudeste,26-40,3519.6,665,27,0,0.532939,1,0.757368,1,
C01863,M,Sudeste,41-60,5643.19,562,131,0,0.621558,1,0.448226,0,
C01864,M,Centro-Oeste,41-60,4126.02,574,140,0,0.436736,0,0.245386,0,
C01865,M,Sudeste,41-60,2915.36,585,104,0,0.483995,0,0.416457,0,
C01866,F,Sudeste,41-60,4673.57,609,144,1,0.786661,1,0.610987,1,
C01867,M,Sul,26-40,4320.7,601,121,0,0.582198,1,0.445777,0,
C01868,F,Nordeste,26-40,2800.42,594,1,0,0.169757,0,0.443993,0,
C01869,M,Sudeste,41-60,2822.94,459,90,0,0.174746,0,0.151831,0,
C01870,F,Sudeste,26-40,2879.46,489,0,0,0.097673,0,0.289894,0,
C01871,F,Sudeste,18-25,2322.3,602,0,0,0.152169,0,0.41284,0,
C01872,M,Sul,26-40,1837.61,603,49,1,0.301627,0,0.432325,0,
C01873,M,Sudeste,41-60,4753.48,519,78,1,0.291033,0,0.312063,0,
C01874,M,Sudeste,18-25,1000.0,608,0,0,0.045653,0,0.142174,0,
C01875,F,Sudeste,60+,5115.98,629,212,1,0.960387,1,0.781389,1,
C01876,M,Sudeste,26-40,3473.3,671,48,1,0.613887,1,0.757421,1,
C01877,F,Nordeste,26-40,2250.01,628,21,1,0.226563,0,0.453804,0,
C01878,F,Sul,26-40,1694.7,621,57,0,0.518274,1,0.626024,1,
C01879,M,Sudeste,26-40,3001.1,643,87,0,0.756114,1,0.761343,1,
C01880,F,Nordeste,26-40,4846.15,820,57,1,0.889712,1,0.938515,1,
C01881,M,Nordeste,26-40,3242.8,571,109,0,0.569539,1,0.482458,0,
C01882,F,Sul,41-60,4916.36,661,108,0,0.806659,1,0.764463,1,
C01883,F,Nordeste,41-60,3725.1,589,171,0,0.602729,1,0.279749,0,
C01884,M,Sudeste,41-60,2648.6,594,156,0,0.825893,1,0.611621,1,
C01885,F,Centro-Oeste,26-40,2962.11,586,41,0,0.140357,0,0.243461,0,
C01886,M,Nordeste,60+,2622.31,653,161,0,0.834282,1,0.6138,1,
C01887,F,Sudeste,26-40,6001.42,780,65,0,0.90831,1,0.94283,1,
C01888,M,Nordeste,41-60,6704.06,659,133,1,0.918662,1,0.858551,1,
C01889,F,Norte,18-25,1241.1,725,16,0,0.384635,0,0.656469,1,
C01890,M,Sudeste,26-40,3619.89,745,90,1,0.898784,1,0.903209,1,
C01891,M,Nordeste,18-25,1623.51,582,81,1,0.365592,0,0.374332,0,
C01892,F,Centro-Oeste,26-40,3561.52,679,36,0,0.475912,0,0.684658,1,
C01893,F,Nordeste,41-60,6999.36,582,129,0,0.671055,1,0.517553,1,
C01894,M,Sudeste,18-25,1000.0,619,0,0,0.073766,0,0.225825,0,
C01895,F,Sudeste,26-40,2650.99,560,43,0,0.211387,0,0.344571,0,
C01896,M,Sudeste,60+,1869.81,570,199,1,0.780109,1,0.363002,0,
C01897,F,Nordeste,18-25,2376.9,781,33,1,0.524876,1,0.737738,1,
C01898,F,Sul,41-60,3325.23,566,146,0,0.686697,1,0.461835,0,
C01899,M,Sul,26-40,2113.63,708,130,1,0.852942,1,0.75127,1,
C01900,F,Nordeste,26-40,4921.84,755,73,0,0.844745,1,0.885556,1,
C01901,M,Sudeste,26-40,2663.25,763,84,1,0.814698,1,0.833018,1,
C01902,M,Sul,26-40,2467.9,551,55,0,0.168713,0,0.24552,0,
C01903,F,Sudeste,41-60,2215.51,562,116,0,0.485141,0,0.363641,0,
C01904,F,Nordeste,18-25,1505.1,652,0,1,0.18642,0,0.469619,0,
C01905,F,Sudeste,41-60,1942.05,601,102,1,0.563897,1,0.496744,0,
C01906,M,Nordeste,18-25,1000.0,613,67,1,0.22556,0,0.268594,0,
C01907,M,Sudeste,18-25,2433.29,624,0,1,0.05675,0,0.18545,0,
C01908,F,Sudeste,41-60,10795.96,698,179,1,0.98183,1,0.937101,1,
C01909,M,Sul,41-60,3282.46,501,162,0,0.485012,0,0.216574,0,
C01910,M,Nordeste,26-40,4701.23,750,106,1,0.952166,1,0.943361,1,
C01911,F,Sul,41-60,5194.66,655,114,1,0.846848,1,0.796675,1,
C01912,M,Sul,26-40,9291.91,763,88,1,0.961104,1,0.967156,1,
C01913,F,Sul,41-60,2673.7,576,163,1,0.790957,1,0.527136,1,
C01914,F,Norte,60+,2705.96,520,207,0,0.554949,1,0.144669,0,
C01915,M,Sudeste,18-25,1000.0,656,41,0,0.112769,0,0.190541,0,
C01916,F,Nordeste,18-25,1445.16,614,4,0,0.101675,0,0.276195,0,
C01917,M,Sul,60+,3471.16,602,184,0,0.882289,1,0.621437,1,
C01918,F,Sudeste,26-40,3406.72,587,0,0,0.179877,0,0.468832,0,
C01919,F,Centro-Oeste,26-40,6420.5,867,66,1,0.940474,1,0.964567,1,
C01920,M,Norte,26-40,1839.71,565,77,0,0.245528,0,0.265224,0,
C01921,F,Norte,26-40,5344.09,654,47,1,0.573948,1,0.734766,1,
C01922,M,Sul,26-40,1763.63,526,58,0,0.260431,0,0.340253,0,
C01923,F,Nordeste,41-60,5201.53,693,93,0,0.855916,1,0.856931,1,
C01924,M,Sudeste,18-25,1904.76,491,10,0,0.061621,0,0.169299,0,
C01925,M,Nordeste,41-60,4333.95,621,211,1,0.95664,1,0.764294,1,
C01926,F,Sudeste,41-60,2658.67,625,119,1,0.541846,1,0.405746,0,
C01927,M,Nordeste,18-25,1336.75,573,11,0,0.113137,0,0.282379,0,
C01928,M,Nordeste,18-25,1000.0,504,0,0,0.031738,0,0.101729,0,
C01929,M,Sudeste,41-60,8306.77,775,208,1,0.988624,1,0.938872,1,
C01930,F,Sul,26-40,3489.6,676,78,0,0.709223,1,0.749013,1,
C01931,F,Nordeste,26-40,1818.91,688,47,0,0.291781,0,0.426635,0,
C01932,F,Centro-Oeste,26-40,2324.62,477,49,0,0.048355,0,0.075494,0,
C01933,F,Sudeste,41-60,2029.2,587,77,1,0.155982,0,0.16592,0,
C01934,F,Sudeste,26-40,3089.98,553,39,1,0.179019,0,0.315251,0,
C01935,F,Nordeste,26-40,6805.05,795,78,1,0.916822,1,0.938325,1,
C01936,M,Sudeste,18-25,6734.48,741,46,1,0.816512,1,0.908438,1,
C01937,M,Sudeste,41-60,2950.75,767,162,1,0.953635,1,0.872516,1,
C01938,M,Nordeste,18-25,2278.33,664,63,0,0.523969,1,0.620405,1,
C01939,M,Sul,41-60,2395.41,596,145,0,0.730553,1,0.515324,1,
C01940,M,Norte,18-25,1569.96,584,0,1,0.075379,0,0.234012,0,
C01941,M,Centro-Oeste,41-60,8315.06,818,231,1,0.994577,1,0.956287,1,
C01942,M,Nordeste,41-60,2164.24,515,133,0,0.432857,0,0.256141,0,
C01943,F,Nordeste,26-40,2893.15,602,36,1,0.126174,0,0.236613,0,
C01944,F,Sudeste,18-25,2770.29,778,50,0,0.873785,1,0.931627,1,
C01945,M,Sudeste,26-40,7394.8,636,55,0,0.634819,1,0.762611,1,
C01946,M,Sudeste,41-60,3125.7,866,135,1,0.985035,1,0.972631,1,
C01947,F,Nordeste,41-60,2644.64,340,55,0,0.022372,0,0.030588,0,
C01948,F,Sudeste,60+,3401.98,575,183,1,0.811497,1,0.485374,0,
C01949,M,Centro-Oeste,18-25,1163.79,484,0,0,0.034754,0,0.110981,0,
C01950,M,Centro-Oeste,26-40,2871.93,661,85,1,0.5605,1,0.576562,1,
C01951,F,Sudeste,18-25,1433.17,661,26,1,0.283089,0,0.502522,1,
C01952,F,Sul,18-25,1928.94,666,34,1,0.347126,0,0.552285,1,
C01953,F,Sudeste,26-40,2333.43,583,44,0,0.276957,0,0.425142,0,
C01954,F,Centro-Oeste,26-40,2650.82,595,0,0,0.097782,0,0.289399,0,
C01955,M,Sul,18-25,1020.52,501,26,0,0.033791,0,0.070718,0,
C01956,F,Sudeste,26-40,2400.03,593,9,1,0.208098,0,0.471177,0,
C01957,M,Sudeste,60+,4060.39,719,238,0,0.985697,1,0.873329,1,
C01958,M,Sudeste,60+,2079.01,565,181,0,0.768994,1,0.41743,0,
C01959,F,Sudeste,41-60,3947.05,611,154,1,0.773773,1,0.550669,1,
C01960,F,Sul,41-60,3394.26,713,157,1,0.942194,1,0.852623,1,
C01961,M,Norte,41-60,3136.76,694,136,1,0.909943,1,0.831135,1,
C01962,M,Sudeste,26-40,3594.34,604,22,0,0.24743,0,0.486072,0,
C01963,F,Sul,26-40,2208.41,614,53,0,0.407332,0,0.537638,1,
C01964,M,Sudeste,18-25,1512.93,615,48,0,0.354053,0,0.492593,0,
C01965,F,Nordeste,41-60,6785.75,659,151,1,0.852027,1,0.688903,1,
C01966,F,Sudeste,26-40,2160.42,627,45,1,0.337284,0,0.495503,0,
C01967,F,Nordeste,26-40,4766.32,629,13,0,0.339542,0,0.639281,1,
C01968,F,Sudeste,26-40,5284.7,726,54,1,0.79216,1,0.879043,1,
C01969,M,Sudeste,26-40,3620.58,711,91,1,0.838698,1,0.840918,1,
C01970,M,Sudeste,18-25,1827.85,599,14,0,0.178308,0,0.399467,0,
C01971,F,Sul,26-40,2869.44,756,65,1,0.867719,1,0.909865,1,
C01972,M,Sudeste,18-25,2669.29,454,0,1,0.030724,0,0.10446,0,
C01973,M,Nordeste,26-40,5544.13,627,64,1,0.566321,1,0.669873,1,
C01974,F,Sul,60+,4505.57,547,190,0,0.754018,1,0.366297,0,
C01975,F,Sudeste,41-60,2967.2,473,143,0,0.252734,0,0.110897,0,
C01976,M,Sudeste,26-40,4529.91,770,28,1,0.662892,1,0.851032,1,
C01977,F,Nordeste,26-40,5021.61,648,11,1,0.413483,0,0.717903,1,
C01978,F,Sudeste,18-25,2086.43,649,38,1,0.347072,0,0.536093,1,
C01979,F,Sudeste,26-40,6111.15,605,39,0,0.283366,0,0.464388,0,
C01980,F,Sudeste,26-40,3345.93,503,31,0,0.102301,0,0.211513,0,
C01981,F,Sudeste,26-40,2678.27,550,27,0,0.085966,0,0.18384,0,
C01982,M,Sudeste,41-60,7277.68,684,119,1,0.953376,1,0.933341,1,
C01983,M,Sudeste,26-40,3878.82,641,64,1,0.45978,0,0.563275,1,
C01984,M,Nordeste,41-60,9017.59,701,162,1,0.9639,1,0.904775,1,
C01985,F,Nordeste,18-25,1676.59,844,47,1,0.80165,1,0.891837,1,
C01986,F,Centro-Oeste,60+,1999.04,469,135,0,0.35637,0,0.190107,0,
C01987,F,Sudeste,26-40,3944.17,689,50,1,0.573686,1,0.713136,1,
C01988,F,Sudeste,26-40,5019.19,633,85,1,0.679658,1,0.701354,1,
C01989,F,Centro-Oeste,41-60,3938.3,545,49,0,0.27276,0,0.407511,0,
C01990,F,Norte,18-25,1000.0,455,0,0,0.005167,0,0.016378,0,
C01991,F,Sul,18-25,2020.51,777,31,0,0.597307,1,0.793147,1,
C01992,F,Sul,18-25,1000.0,429,0,0,0.008853,0,0.027484,0,
C01993,M,Nordeste,60+,2734.81,622,200,1,0.902583,1,0.608822,1,
C01994,F,Sul,26-40,1041.02,499,53,0,0.071164,0,0.10255,0,
C01995,M,Nordeste,41-60,8770.8,620,121,1,0.895154,1,0.847918,1,
C01996,F,Sudeste,41-60,2893.12,481,143,0,0.545375,1,0.317833,0,
C01997,M,Sudeste,26-40,4837.46,853,66,1,0.935664,1,0.960403,1,
C01998,F,Sudeste,26-40,3038.34,515,21,0,0.077248,0,0.179736,0,
C01999,F,Centro-Oeste,26-40,2364.08,659,36,1,0.421534,0,0.624372,1,
C02000,M,Norte,41-60,5090.2,595,163,1,0.89173,1,0.721942,1,
C02001,F,Sudeste,41-60,3478.74,681,130,0,0.793378,1,0.673511,1,
C02002,M,Sudeste,41-60,3706.12,619,142,1,0.782577,1,0.609027,1,
C02003,M,Nordeste,41-60,3348.69,549,71,0,0.409162,0,0.469346,0,
C02004,M,Sul,41-60,2001.65,554,101,0,0.112864,0,0.084162,0,
C02005,F,Sudeste,18-25,1247.66,628,13,0,0.071025,0,0.181728,0,
C02006,M,Nordeste,18-25,1149.57,568,31,1,0.071842,0,0.13993,0,
C02007,F,Sul,41-60,4225.43,667,148,1,0.8425,1,0.685761,1,
C02008,M,Sudeste,18-25,1205.67,500,34,0,0.044042,0,0.086073,0,
C02009,M,Nordeste,26-40,3291.43,578,69,1,0.239095,0,0.285349,0,
C02010,F,Sudeste,41-60,7791.03,643,96,1,0.800127,1,0.795553,1,
C02011,F,Sudeste,26-40,1694.21,498,41,0,0.06758,0,0.114972,0,
C02012,F,Sudeste,41-60,2599.93,633,168,1,0.891898,1,0.697471,1,
C02013,F,Sudeste,60+,3219.68,515,165,0,0.494683,0,0.207627,0,
C02014,F,Nordeste,26-40,4540.41,658,71,1,0.511664,1,0.592442,1,
C02015,M,Centro-Oeste,26-40,6661.93,618,20,1,0.365788,0,0.634304,1,
C02016,F,Norte,26-40,4583.11,662,38,0,0.578914,1,0.763568,1,
C02017,F,Sul,60+,4599.53,631,135,1,0.749093,1,0.584894,1,
C02018,F,Centro-Oeste,41-60,4232.54,499,151,0,0.462794,0,0.226459,0,
C02019,F,Sudeste,18-25,2999.91,697,0,1,0.438124,0,0.766374,1,
C02020,F,Nordeste,18-25,1787.08,558,0,0,0.054873,0,0.171252,0,
C02021,M,Sul,26-40,1724.99,640,114,1,0.505553,1,0.394334,0,
C02022,F,Sudeste,26-40,4966.34,677,55,1,0.67111,1,0.787893,1,
C02023,M,Sudeste,41-60,5949.16,686,191,1,0.967969,1,0.866448,1,
C02024,F,Sul,41-60,2040.61,426,117,0,0.233563,0,0.14421,0,
C02025,M,Sudeste,18-25,2587.45,587,10,0,0.195771,0,0.449157,0,
C02026,M,Sudeste,41-60,3434.72,554,121,1,0.596412,1,0.461691,0,
C02027,F,Sudeste,26-40,1819.39,374,0,0,0.004744,0,0.015243,0,
C02028,F,Sul,26-40,3778.45,673,77,1,0.63129,1,0.681572,1,
C02029,F,Norte,18-25,1000.0,664,0,1,0.123301,0,0.345135,0,
C02030,F,Nordeste,26-40,3942.87,667,91,1,0.781351,1,0.781666,1,
C02031,M,Sudeste,26-40,2277.19,552,68,0,0.383615,0,0.446415,0,
C02032,F,Nordeste,18-25,1724.86,431,20,0,0.026835,0,0.065595,0,
C02033,F,Sul,41-60,4710.1,669,128,1,0.936721,1,0.89345,1,
C02034,M,Nordeste,18-25,1654.28,625,71,1,0.500146,1,0.554856,1,
C02035,M,Nordeste,26-40,2347.19,579,135,0,0.528492,1,0.337652,0,
C02036,F,Centro-Oeste,18-25,4555.4,828,26,1,0.853367,1,0.947322,1,
C02037,M,Nordeste,26-40,3959.76,545,73,0,0.190727,0,0.219375,0,
C02038,M,Sudeste,41-60,3285.94,426,104,0,0.219414,0,0.166268,0,
C02039,F,Sudeste,41-60,2849.29,509,53,0,0.061572,0,0.092919,0,
C02040,M,Nordeste,60+,2936.91,567,236,0,0.895655,1,0.443517,0,
C02041,F,Sudeste,60+,3436.27,744,236,1,0.984155,1,0.858896,1,
C02042,M,Sudeste,18-25,1451.9,524,0,0,0.06395,0,0.197815,0,
C02043,M,Nordeste,26-40,1799.0,658,52,0,0.153476,0,0.229345,0,
C02044,F,Sudeste,41-60,5490.61,614,107,1,0.627908,1,0.555787,1,
C02045,F,Norte,26-40,3845.86,606,87,1,0.690191,1,0.697017,1,
C02046,F,Sudeste,41-60,3662.05,647,160,1,0.896749,1,0.741072,1,
C02047,M,Centro-Oeste,26-40,3693.43,630,72,0,0.648403,1,0.709046,1,
C02048,M,Sul,60+,2437.71,596,254,0,0.949454,1,0.566725,1,
C02049,M,Sul,26-40,3911.65,622,52,0,0.496012,0,0.641368,1,
C02050,M,Sudeste,18-25,1000.0,547,3,0,0.051356,0,0.154177,0,
C02051,F,Centro-Oeste,18-25,2176.6,572,0,0,0.130427,0,0.365215,0,
C02052,F,Sudeste,60+,3811.39,661,101,1,0.765709,1,0.735221,1,
C02053,M,Nordeste,26-40,2694.96,635,42,1,0.430741,0,0.610684,1,
C02054,M,Sul,41-60,7589.14,760,217,1,0.992765,1,0.953901,1,
C02055,F,Sul,18-25,2448.39,786,23,0,0.630904,1,0.836809,1,
C02056,F,Norte,26-40,3147.28,450,10,0,0.074245,0,0.20322,0,
C02057,F,Sudeste,26-40,1586.36,538,0,0,0.07786,0,0.236287,0,
C02058,F,Sudeste,41-60,4433.68,579,131,0,0.462517,0,0.295813,0,
C02059,F,Sul,26-40,4158.07,599,16,0,0.268261,0,0.539663,1,
C02060,M,Norte,26-40,2737.51,652,66,0,0.591377,1,0.674325,1,
C02061,F,Sul,26-40,2622.1,611,59,1,0.368437,0,0.476424,0,
C02062,M,Sudeste,26-40,2102.75,441,104,0,0.083109,0,0.058599,0,
C02063,F,Nordeste,41-60,2411.89,481,59,0,0.14925,0,0.202708,0,
C02064,M,Nordeste,26-40,2646.7,756,91,1,0.835741,1,0.837263,1,
C02065,F,Sudeste,26-40,5424.2,720,16,1,0.649296,1,0.865734,1,
C02066,F,Centro-Oeste,41-60,2333.68,501,130,0,0.442892,0,0.273277,0,
C02067,M,Centro-Oeste,60+,4134.5,678,191,0,0.960191,1,0.833083,1,
C02068,M,Sudeste,26-40,1152.15,428,0,0,0.016273,0,0.052757,0,
C02069,M,Sul,26-40,3451.66,566,35,1,0.199161,0,0.362583,0,
C02070,F,Sul,41-60,5984.82,653,28,0,0.494082,0,0.732732,1,
C02071,M,Sul,41-60,2332.53,496,145,1,0.393377,0,0.194284,0,
C02072,M,Sudeste,26-40,1402.21,662,84,0,0.492426,0,0.49675,0,
C02073,M,Sudeste,26-40,3948.53,651,96,1,0.759075,1,0.743094,1,
C02074,M,Nordeste,26-40,1500.77,501,68,0,0.115516,0,0.137055,0,
C02075,F,Nordeste,26-40,1627.79,684,25,0,0.377931,0,0.617737,1,
C02076,M,Sudeste,60+,4506.4,674,213,1,0.942426,1,0.695623,1,
C02077,M,Sudeste,18-25,1000.0,652,18,0,0.103727,0,0.235553,0,
C02078,F,Nordeste,26-40,4303.54,721,90,1,0.820964,1,0.828623,1,
C02079,M,Sudeste,60+,2393.45,508,244,1,0.731286,1,0.16785,0,
C02080,F,Sudeste,26-40,3636.91,629,9,1,0.339412,0,0.648123,1,
C02081,F,Nordeste,26-40,3501.25,646,36,1,0.379196,0,0.589146,1,
C02082,F,Norte,26-40,3546.28,568,35,0,0.224477,0,0.399167,0,
C02083,M,Sudeste,41-60,3381.91,718,199,0,0.967925,1,0.846435,1,
C02084,F,Sudeste,26-40,2783.73,508,30,0,0.040822,0,0.087152,0,
C02085,F,Sudeste,26-40,1591.6,485,5,0,0.075737,0,0.212645,0,
C02086,F,Nordeste,18-25,1931.08,608,26,1,0.188624,0,0.372912,0,
C02087,M,Sudeste,41-60,25447.36,795,190,1,0.996236,1,0.985823,1,
C02088,M,Nordeste,26-40,5394.64,562,12,0,0.154822,0,0.373631,0,
C02089,M,Sudeste,41-60,3989.69,707,172,1,0.830768,1,0.569235,1,
C02090,M,Sudeste,41-60,4525.79,786,243,1,0.994045,1,0.941574,1,
C02091,F,Sul,41-60,3216.46,708,163,1,0.905096,1,0.753389,1,
C02092,F,Sudeste,18-25,2976.75,636,7,1,0.321145,0,0.63308,1,
C02093,M,Sudeste,26-40,4655.24,868,99,1,0.966279,1,0.966013,1,
C02094,M,Sudeste,26-40,4483.46,558,0,0,0.271642,0,0.602538,1,
C02095,M,Nordeste,41-60,2204.62,479,84,0,0.156689,0,0.145801,0,
C02096,F,Nordeste,41-60,3589.31,621,92,1,0.629045,1,0.618287,1,
C02097,F,Sudeste,26-40,3435.96,524,8,0,0.135045,0,0.349121,0,
C02098,F,Nordeste,41-60,4118.02,673,147,1,0.886419,1,0.763994,1,
C02099,F,Sul,41-60,2165.14,441,131,0,0.228338,0,0.117179,0,
C02100,M,Nordeste,26-40,2540.34,660,49,1,0.449194,0,0.603809,1,
C02101,M,Nordeste,41-60,3450.34,652,183,1,0.857853,1,0.567004,1,
C02102,M,Sudeste,26-40,7976.12,644,123,1,0.919501,1,0.878824,1,
C02103,F,Sudeste,26-40,3402.89,604,16,0,0.291651,0,0.564527,1,
C02104,F,Sudeste,41-60,7981.01,775,136,1,0.979094,1,0.962765,1,
C02105,F,Nordeste,26-40,3137.1,564,71,0,0.331299,0,0.387954,0,
C02106,F,Sudeste,41-60,4193.83,647,130,1,0.820981,1,0.711213,1,
C02107,F,Centro-Oeste,26-40,3431.82,667,30,1,0.278062,0,0.488349,0,
C02108,F,Sudeste,41-60,3913.19,544,114,1,0.571879,1,0.465857,0,
C02109,F,Nordeste,26-40,4074.66,638,66,1,0.586538,1,0.676238,1,
C02110,F,Nordeste,18-25,1206.81,640,44,1,0.269766,0,0.40894,0,
C02111,M,Sudeste,41-60,2306.43,582,110,1,0.486301,0,0.390323,0,
C02112,M,Sudeste,26-40,2240.87,570,63,0,0.250769,0,0.321169,0,
C02113,F,Nordeste,41-60,3295.64,563,65,0,0.189908,0,0.239568,0,
C02114,F,Sudeste,41-60,2224.21,578,101,1,0.527528,1,0.464216,0,
C02115,M,Sudeste,26-40,1591.9,499,66,0,0.140207,0,0.170526,0,
C02116,F,Sudeste,41-60,3129.94,744,123,1,0.950959,1,0.922518,1,
C02117,F,Nordeste,26-40,11803.74,625,88,1,0.840917,1,0.857167,1,
C02118,F,Nordeste,18-25,1200.56,615,3,1,0.150914,0,0.38641,0,
C02119,F,Sudeste,26-40,2853.21,600,66,0,0.436904,0,0.520425,1,
C02120,M,Sudeste,60+,1791.66,552,189,0,0.588923,1,0.202068,0,
C02121,M,Norte,18-25,1648.59,676,49,1,0.305396,0,0.443428,0,
C02122,M,Sudeste,41-60,3241.97,503,143,0,0.364714,0,0.178098,0,
C02123,F,Centro-Oeste,26-40,2798.82,416,20,0,0.036575,0,0.091065,0,
C02124,M,Centro-Oeste,41-60,3708.54,579,163,0,0.757015,1,0.486333,0,
C02125,M,Sudeste,41-60,1787.59,447,117,0,0.096395,0,0.053068,0,
C02126,F,Sudeste,18-25,1070.74,556,0,0,0.08232,0,0.242531,0,
C02127,M,Nordeste,26-40,1651.76,583,78,1,0.277894,0,0.295721,0,
C02128,M,Nordeste,18-25,3298.73,752,9,1,0.715764,1,0.904987,1,
C02129,M,Norte,18-25,1586.0,614,28,0,0.101565,0,0.207979,0,
C02130,M,Nordeste,41-60,4325.3,601,143,1,0.872338,1,0.7452,1,
C02131,F,Sudeste,26-40,2303.34,404,0,0,0.021806,0,0.073146,0,
C02132,M,Sul,41-60,5458.33,674,171,1,0.940117,1,0.820334,1,
C02133,M,Nordeste,60+,3422.78,517,204,1,0.595232,1,0.175834,0,
C02134,M,Sul,41-60,2797.8,535,174,0,0.525808,1,0.204235,0,
C02135,F,Nordeste,41-60,4512.12,485,51,0,0.105844,0,0.164178,0,
C02136,F,Nordeste,26-40,3013.31,555,0,0,0.068855,0,0.21596,0,
C02137,M,Nordeste,41-60,1359.72,481,130,0,0.181547,0,0.090026,0,
C02138,M,Nordeste,18-25,1714.31,613,34,0,0.156886,0,0.283431,0,
C02139,F,Sudeste,60+,2390.91,604,168,0,0.804613,1,0.529496,1,
C02140,F,Sudeste,26-40,5067.2,663,116,1,0.881462,1,0.836441,1,
C02141,M,Sudeste,26-40,4188.24,506,47,0,0.255473,0,0.390372,0,
C02142,M,Nordeste,41-60,5964.87,780,187,1,0.983699,1,0.935412,1,
C02143,F,Nordeste,26-40,2058.08,530,21,1,0.113463,0,0.255192,0,
C02144,F,Sudeste,41-60,7985.69,825,153,1,0.976534,1,0.944803,1,
C02145,F,Nordeste,26-40,1941.19,427,35,0,0.011277,0,0.021485,0,
C02146,M,Sudeste,60+,4107.25,613,187,1,0.903,1,0.664964,1,
C02147,M,Sudeste,41-60,3550.39,635,163,0,0.847259,1,0.633371,1,
C02148,F,Sudeste,26-40,4648.58,633,46,0,0.604167,1,0.757032,1,
C02149,F,Nordeste,26-40,4574.99,655,46,1,0.625266,1,0.774746,1,
C02150,F,Sudeste,26-40,9565.19,757,52,1,0.920669,1,0.960751,1,
C02151,M,Norte,41-60,4970.85,783,214,1,0.988457,1,0.929532,1,
C02152,M,Nordeste,18-25,1053.44,752,46,1,0.472043,0,0.629106,1,
C02153,F,Nordeste,41-60,8843.37,851,160,1,0.993645,1,0.984093,1,
C02154,F,Nordeste,26-40,1729.65,589,37,0,0.094029,0,0.172171,0,
C02155,F,Nordeste,18-25,3086.08,713,0,1,0.472232,0,0.791867,1,
C02156,F,Nordeste,41-60,3170.37,590,163,1,0.86414,1,0.657125,1,
C02157,F,Norte,26-40,4110.0,534,104,0,0.404751,0,0.330935,0,
C02158,M,Nordeste,41-60,4108.02,707,141,0,0.923796,1,0.849075,1,
C02159,F,Nordeste,18-25,1452.96,467,0,0,0.009001,0,0.029407,0,
C02160,F,Nordeste,18-25,1359.96,538,1,1,0.068252,0,0.206696,0,
C02161,F,Sudeste,18-25,1994.05,649,7,1,0.360348,0,0.666107,1,
C02162,F,Centro-Oeste,26-40,1471.4,655,67,0,0.357574,0,0.426041,0,
C02163,F,Centro-Oeste,18-25,1568.12,535,0,0,0.078895,0,0.238416,0,
C02164,F,Sul,26-40,1597.69,520,18,0,0.035837,0,0.088039,0,
C02165,F,Sul,26-40,4149.33,700,0,1,0.302646,0,0.65311,1,
C02166,M,Nordeste,18-25,3119.35,639,0,0,0.34827,0,0.686574,1,
C02167,M,Sul,18-25,1678.39,601,25,0,0.086513,0,0.187239,0,
C02168,M,Nordeste,26-40,1412.45,448,24,0,0.0112,0,0.024867,0,
C02169,M,Sudeste,41-60,6978.57,688,129,1,0.952736,1,0.921608,1,
C02170,F,Sudeste,41-60,2695.36,485,69,0,0.131976,0,0.153264,0,
C02171,F,Sul,26-40,1740.51,612,48,1,0.256552,0,0.381962,0,
C02172,M,Nordeste,26-40,2608.34,623,3,1,0.116993,0,0.324699,0,
C02173,F,Sudeste,26-40,3409.73,527,21,0,0.188439,0,0.393766,0,
C02174,F,Nordeste,41-60,2377.33,385,78,0,0.030004,0,0.029128,0,
C02175,M,Sudeste,18-25,1000.0,474,0,0,0.010404,0,0.032911,0,
C02176,M,Sudeste,41-60,5007.04,716,167,1,0.981667,1,0.943883,1,
C02177,M,Nordeste,26-40,5067.35,672,67,1,0.683145,1,0.764254,1,
C02178,M,Sudeste,18-25,2807.3,656,43,0,0.359936,0,0.537888,1,
C02179,F,Norte,41-60,2184.43,572,156,0,0.508609,1,0.241084,0,
C02180,M,Centro-Oeste,26-40,3078.38,599,8,0,0.238959,0,0.525964,1,
C02181,F,Norte,41-60,8219.97,681,77,1,0.731451,1,0.77718,1,
C02182,M,Sul,41-60,4646.9,677,182,1,0.873629,1,0.613222,1,
C02183,M,Sudeste,41-60,1927.14,564,162,0,0.773826,1,0.497072,0,
C02184,M,Sudeste,41-60,5226.41,697,202,1,0.97534,1,0.876356,1,
C02185,F,Nordeste,41-60,7070.47,719,138,1,0.964839,1,0.933821,1,
C02186,M,Nordeste,26-40,2296.86,612,29,0,0.28907,0,0.502341,1,
C02187,M,Nordeste,41-60,2335.8,598,161,0,0.602657,1,0.304755,0,
C02188,F,Nordeste,26-40,8262.6,763,67,1,0.913659,1,0.945693,1,
C02189,M,Nordeste,41-60,5950.23,763,171,1,0.980596,1,0.939381,1,
C02190,F,Centro-Oeste,26-40,2264.92,740,59,1,0.672291,1,0.771255,1,
C02191,M,Nordeste,26-40,4928.33,625,98,1,0.699212,1,0.675478,1,
C02192,M,Centro-Oeste,41-60,9340.12,751,122,1,0.965002,1,0.95012,1,
C02193,F,Nordeste,18-25,2053.98,601,0,1,0.16611,0,0.43547,0,
C02194,M,Sudeste,41-60,3953.14,502,180,1,0.648874,1,0.293154,0,
C02195,M,Nordeste,18-25,1009.67,560,0,0,0.024052,0,0.076982,0,
C02196,F,Nordeste,26-40,2654.6,587,42,1,0.252967,0,0.406233,0,
C02197,M,Sudeste,18-25,1814.89,609,12,0,0.148251,0,0.356167,0,
C02198,M,Sudeste,26-40,4972.21,549,56,1,0.176862,0,0.255512,0,
C02199,M,Centro-Oeste,60+,2632.39,664,230,0,0.941565,1,0.631227,1,
C02200,F,Sudeste,41-60,5122.5,636,148,1,0.859293,1,0.713911,1,
C02201,M,Sudeste,26-40,1889.9,754,72,1,0.723588,1,0.7762,1,
C02202,F,Sudeste,26-40,2535.12,503,28,0,0.12608,0,0.257812,0,
C02203,M,Sudeste,18-25,1757.99,630,14,0,0.261581,0,0.523639,1,
C02204,F,Sudeste,60+,3512.83,615,140,1,0.783482,1,0.616197,1,
C02205,F,Sudeste,41-60,2583.67,576,164,1,0.80297,1,0.540898,1,
C02206,M,Sudeste,18-25,1000.0,674,18,1,0.148432,0,0.330369,0,
C02207,M,Nordeste,18-25,2137.54,771,44,1,0.75306,1,0.865348,1,
C02208,M,Nordeste,26-40,5921.58,712,100,1,0.828306,1,0.8164,1,
C02209,M,Norte,26-40,1367.41,556,45,1,0.152935,0,0.243873,0,
C02210,F,Sudeste,41-60,1535.98,307,71,0,0.012835,0,0.012855,0,
C02211,F,Centro-Oeste,60+,1680.7,584,101,1,0.507026,1,0.438393,0,
C02212,F,Sudeste,60+,2122.59,593,158,0,0.605546,1,0.315134,0,
C02213,M,Nordeste,18-25,4096.58,784,38,1,0.814031,1,0.915465,1,
C02214,F,Sudeste,26-40,4923.95,783,29,0,0.81408,1,0.927,1,
C02215,F,Sudeste,26-40,3975.99,533,0,1,0.176968,0,0.460539,0,
C02216,F,Nordeste,26-40,3749.8,684,57,1,0.603382,1,0.724151,1,
C02217,M,Sudeste,26-40,2918.49,523,79,0,0.099621,0,0.103462,0,
C02218,F,Centro-Oeste,18-25,1371.56,525,0,0,0.045196,0,0.145349,0,
C02219,F,Sul,26-40,2294.98,695,71,0,0.754458,1,0.803336,1,
C02220,M,Sul,26-40,2286.66,694,81,1,0.63039,1,0.659055,1,
C02221,M,Sudeste,26-40,1401.46,491,47,0,0.027595,0,0.043337,0,
C02222,M,Nordeste,26-40,2870.13,544,31,0,0.147485,0,0.290824,0,
C02223,M,Centro-Oeste,18-25,1291.15,655,13,0,0.211835,0,0.454939,0,
C02224,F,Nordeste,41-60,6801.6,722,129,1,0.958848,1,0.932404,1,
C02225,M,Sudeste,60+,2096.96,587,168,0,0.61854,1,0.292277,0,
C02226,F,Nordeste,26-40,1570.49,471,33,0,0.026165,0,0.050842,0,
C02227,M,Sudeste,26-40,1034.89,466,25,0,0.041941,0,0.090973,0,
C02228,F,Nordeste,41-60,3655.9,778,169,1,0.9744,1,0.920756,1,
C02229,M,Sul,26-40,6022.22,641,65,1,0.697456,1,0.781538,1,
C02230,M,Nordeste,26-40,2122.06,525,28,0,0.060547,0,0.128082,0,
C02231,M,Sudeste,18-25,3464.59,642,0,0,0.332214,0,0.673397,1,
C02232,F,Norte,26-40,2228.63,413,37,0,0.059976,0,0.111711,0,
C02233,F,Norte,26-40,7956.43,810,143,1,0.989594,1,0.979514,1,
C02234,M,Sudeste,26-40,3657.82,759,119,1,0.863585,1,0.801037,1,
C02235,M,Centro-Oeste,26-40,3087.8,678,72,1,0.476347,0,0.547923,1,
C02236,F,Sudeste,26-40,1285.53,411,0,0,0.011503,0,0.037747,0,
C02237,F,Norte,60+,2534.55,581,186,1,0.880595,1,0.60078,1,
C02238,F,Nordeste,26-40,1143.25,348,13,0,0.005934,0,0.014704,0,
C02239,M,Sudeste,60+,2357.94,623,228,1,0.832613,1,0.33473,0,
C02240,M,Nordeste,41-60,3572.62,683,156,1,0.911365,1,0.785816,1,
C02241,M,Sudeste,41-60,3310.47,574,115,1,0.585332,1,0.475691,0,
C02242,F,Sudeste,41-60,3065.22,580,73,1,0.212812,0,0.242803,0,
C02243,M,Sudeste,26-40,3674.09,633,37,1,0.438999,0,0.643375,1,
C02244,F,Nordeste,26-40,4066.24,587,15,1,0.238925,0,0.502909,1,
C02245,F,Sudeste,18-25,1000.0,530,0,0,0.028556,0,0.089162,0,
C02246,M,Nordeste,18-25,2020.73,680,48,1,0.533301,1,0.682244,1,
C02247,F,Sudeste,26-40,1000.0,360,0,0,0.004612,0,0.013956,0,
C02248,F,Sudeste,41-60,2089.87,488,66,0,0.064772,0,0.078037,0,
C02249,M,Centro-Oeste,41-60,6425.75,712,115,1,0.938254,1,0.917492,1,
C02250,F,Sul,41-60,9318.47,555,100,1,0.616593,1,0.587763,1,
C02251,M,Sul,26-40,3909.73,732,127,1,0.897079,1,0.828908,1,
C02252,M,Nordeste,18-25,3919.06,647,21,0,0.373687,0,0.642376,1,
C02253,F,Nordeste,26-40,1254.87,519,3,0,0.056222,0,0.167938,0,
C02254,M,Sudeste,26-40,1823.02,554,67,0,0.210011,0,0.255605,0,
C02255,F,Centro-Oeste,26-40,3471.72,703,58,1,0.654243,1,0.763171,1,
C02256,F,Centro-Oeste,41-60,10297.22,704,125,1,0.926192,1,0.890619,1,
C02257,M,Nordeste,41-60,4968.01,509,157,0,0.520088,1,0.254521,0,
C02258,M,Sudeste,26-40,1566.62,459,24,0,0.033335,0,0.07651,0,
C02259,F,Centro-Oeste,18-25,2693.14,707,0,0,0.400991,0,0.737062,1,
C02260,F,Nordeste,41-60,7369.49,718,176,0,0.9756,1,0.9186,1,
C02261,F,Sudeste,41-60,5475.97,666,83,1,0.841009,1,0.861002,1,
C02262,M,Sudeste,26-40,2058.38,671,126,0,0.853119,1,0.759351,1,
C02263,F,Nordeste,18-25,2864.39,581,0,1,0.084376,0,0.257188,0,
C02264,F,Nordeste,18-25,1255.98,752,40,1,0.372632,0,0.557359,1,
C02265,M,Sudeste,18-25,1818.98,617,17,1,0.198243,0,0.421638,0,
C02266,F,Sudeste,18-25,1165.18,544,0,0,0.060937,0,0.188292,0,
C02267,M,Sudeste,26-40,2695.66,475,78,0,0.116031,0,0.118773,0,
C02268,M,Sudeste,60+,2363.14,580,175,0,0.690802,1,0.3503,0,
C02269,M,Sudeste,41-60,2543.04,484,106,1,0.192505,0,0.141556,0,
C02270,F,Sudeste,18-25,1281.19,594,0,0,0.080483,0,0.244535,0,
C02271,M,Nordeste,41-60,7258.26,603,145,1,0.792095,1,0.611798,1,
C02272,F,Centro-Oeste,41-60,3860.87,536,116,0,0.482955,0,0.37016,0,
C02273,M,Sudeste,26-40,2916.66,674,97,1,0.82486,1,0.807314,1,
C02274,F,Nordeste,18-25,2272.72,605,9,0,0.144853,0,0.365085,0,
C02275,M,Centro-Oeste,18-25,1240.41,567,12,0,0.039408,0,0.105003,0,
C02276,F,Sudeste,26-40,2490.45,588,11,0,0.053931,0,0.151286,0,
C02277,M,Norte,18-25,3912.91,890,75,1,0.940387,1,0.957981,1,
C02278,M,Norte,41-60,2106.3,544,176,0,0.648855,1,0.298995,0,
C02279,M,Centro-Oeste,26-40,2790.02,529,30,0,0.171343,0,0.330184,0,
C02280,F,Nordeste,60+,6983.91,670,202,1,0.969269,1,0.85125,1,
C02281,M,Norte,26-40,3125.94,652,81,0,0.597074,1,0.616643,1,
C02282,F,Sudeste,60+,5614.24,586,195,0,0.934611,1,0.731399,1,
C02283,F,Nordeste,26-40,3854.29,592,20,1,0.217881,0,0.452771,0,
C02284,F,Sudeste,26-40,2930.4,633,36,1,0.286437,0,0.479516,0,
C02285,M,Sudeste,41-60,8353.15,504,104,1,0.610237,1,0.556927,1,
C02286,M,Nordeste,41-60,3958.0,694,183,0,0.914069,1,0.70477,1,
C02287,M,Sudeste,60+,1462.74,616,279,1,0.951344,1,0.469035,0,
C02288,M,Sul,26-40,3992.46,849,83,1,0.948259,1,0.958142,1,
C02289,M,Nordeste,26-40,4274.08,743,56,1,0.75258,1,0.847561,1,
C02290,F,Centro-Oeste,26-40,2928.46,569,0,1,0.086589,0,0.271618,0,
C02291,F,Sudeste,26-40,4824.05,642,12,0,0.408488,0,0.70908,1,
C02292,F,Sul,26-40,4119.39,544,20,0,0.155048,0,0.348568,0,
C02293,M,Sudeste,26-40,1404.75,667,74,0,0.387386,0,0.43055,0,
C02294,M,Nordeste,60+,2708.89,487,229,0,0.792059,1,0.273654,0,
C02295,M,Sudeste,41-60,11639.31,741,215,1,0.991824,1,0.951072,1,
C02296,F,Sudeste,26-40,3965.02,682,43,1,0.54423,1,0.720947,1,
C02297,M,Nordeste,26-40,2825.94,687,106,1,0.787005,1,0.740948,1,
C02298,M,Sul,26-40,4184.3,683,92,1,0.800177,1,0.800088,1,
C02299,M,Sul,60+,6750.82,598,234,0,0.920095,1,0.534774,1,
C02300,F,Nordeste,41-60,5421.68,658,76,0,0.705788,1,0.757504,1,
C02301,F,Nordeste,18-25,1000.0,350,0,0,0.00599,0,0.017987,0,
C02302,F,Sudeste,18-25,1563.46,494,8,0,0.030629,0,0.086536,0,
C02303,M,Nordeste,26-40,5206.6,697,115,1,0.871092,1,0.828048,1,
C02304,M,Nordeste,41-60,3831.96,545,169,1,0.806951,1,0.532384,1,
C02305,F,Sudeste,60+,3573.66,603,163,1,0.863537,1,0.659881,1,
C02306,F,Centro-Oeste,26-40,3787.39,820,35,1,0.806418,1,0.912262,1,
C02307,F,Sul,26-40,9110.45,611,67,1,0.809323,1,0.867078,1,
C02308,F,Sudeste,18-25,1000.0,556,7,0,0.033476,0,0.094683,0,
C02309,F,Nordeste,41-60,2452.75,551,76,0,0.351072,0,0.383185,0,
C02310,F,Sudeste,60+,3782.29,527,175,0,0.833542,1,0.551023,1,
C02311,M,Nordeste,26-40,2129.04,687,73,1,0.551498,1,0.610378,1,
C02312,M,Norte,60+,2878.28,680,243,1,0.976656,1,0.786087,1,
C02313,F,Sul,18-25,2031.35,564,57,0,0.31032,0,0.408741,0,
C02314,F,Sudeste,26-40,7484.97,768,43,1,0.901767,1,0.956465,1,
C02315,M,Sudeste,41-60,6854.61,726,152,1,0.961221,1,0.910827,1,
C02316,F,Nordeste,41-60,7502.72,813,144,1,0.974787,1,0.95015,1,
C02317,M,Norte,26-40,2538.9,496,8,0,0.041935,0,0.12067,0,
C02318,F,Sudeste,26-40,2036.43,589,48,0,0.274117,0,0.404048,0,
C02319,M,Sul,26-40,3411.22,598,58,0,0.468645,0,0.587087,1,
C02320,F,Nordeste,41-60,3152.66,709,210,1,0.960542,1,0.786946,1,
C02321,M,Sudeste,18-25,1000.0,557,34,0,0.04578,0,0.086279,0,
C02322,M,Centro-Oeste,41-60,14122.09,851,219,1,0.99874,1,0.992266,1,
C02323,F,Nordeste,41-60,2659.67,686,138,0,0.853981,1,0.730323,1,
C02324,F,Sul,18-25,2423.89,579,0,0,0.12592,0,0.358956,0,
C02325,F,Sudeste,41-60,4634.59,737,134,1,0.917999,1,0.856306,1,
C02326,F,Sudeste,41-60,3155.08,601,112,0,0.378112,0,0.282399,0,
C02327,F,Centro-Oeste,60+,2489.03,585,174,1,0.80623,1,0.506797,1,
C02328,M,Sudeste,41-60,4482.87,555,144,1,0.566139,1,0.338833,0,
C02329,M,Centro-Oeste,60+,1659.17,517,186,1,0.529865,1,0.176477,0,
C02330,M,Sudeste,60+,2736.18,778,181,1,0.939537,1,0.784189,1,
C02331,M,Sudeste,60+,3748.39,479,182,0,0.43346,0,0.134684,0,
C02332,F,Nordeste,26-40,3219.21,662,26,0,0.260339,0,0.479626,0,
C02333,F,Nordeste,41-60,3822.38,631,144,0,0.78412,1,0.605742,1,
C02334,F,Norte,41-60,4586.5,703,137,1,0.943685,1,0.893071,1,
C02335,F,Nordeste,41-60,3601.93,606,111,0,0.677857,1,0.596103,1,
C02336,M,Nordeste,60+,1758.39,499,245,0,0.813291,1,0.244389,0,
C02337,M,Sul,41-60,4783.48,565,114,0,0.749699,1,0.668065,1,
C02338,F,Norte,41-60,6087.66,549,52,0,0.30522,0,0.444597,0,
C02339,F,Norte,41-60,3230.84,596,136,1,0.512266,1,0.317073,0,
C02340,M,Sul,18-25,1377.18,472,37,0,0.041442,0,0.07756,0,
C02341,F,Norte,26-40,2656.0,589,0,1,0.091205,0,0.273276,0,
C02342,F,Norte,18-25,3489.18,637,0,1,0.307293,0,0.647273,1,
C02343,M,Sul,60+,1209.21,561,185,1,0.422467,0,0.11785,0,
C02344,M,Sul,41-60,4713.58,428,132,0,0.314963,0,0.170636,0,
C02345,F,Nordeste,26-40,8663.53,565,44,0,0.223385,0,0.370718,0,
C02346,F,Centro-Oeste,18-25,2161.8,636,32,0,0.353728,0,0.566034,1,
C02347,M,Nordeste,18-25,2148.86,697,54,0,0.40392,0,0.527593,1,
C02348,F,Sudeste,41-60,6584.16,684,158,0,0.947439,1,0.868193,1,
C02349,F,Sudeste,18-25,1000.0,492,0,0,0.011056,0,0.035233,0,
C02350,M,Sudeste,18-25,2521.16,632,0,0,0.197102,0,0.495893,0,
C02351,M,Sudeste,26-40,2690.44,570,136,0,0.400238,0,0.222616,0,
C02352,M,Sudeste,18-25,3017.07,739,7,1,0.491092,0,0.787819,1,
C02353,F,Nordeste,26-40,5959.33,767,97,1,0.936816,1,0.936495,1,
C02354,F,Sudeste,41-60,3435.38,663,155,0,0.907923,1,0.779059,1,
C02355,F,Sudeste,60+,6245.94,633,186,1,0.950893,1,0.814823,1,
C02356,F,Norte,41-60,6313.18,600,88,0,0.545101,1,0.547045,1,
C02357,M,Sul,26-40,1050.31,538,81,0,0.229838,0,0.225607,0,
C02358,M,Nordeste,26-40,2295.52,495,65,0,0.15483,0,0.19486,0,
C02359,F,Sul,18-25,1673.84,724,0,1,0.269512,0,0.598878,1,
C02360,F,Norte,18-25,2263.38,718,57,0,0.551828,1,0.6738,1,
C02361,M,Sudeste,41-60,2724.06,597,161,0,0.753062,1,0.484266,0,
C02362,M,Sul,18-25,1606.79,632,0,0,0.181113,0,0.459758,0,
C02363,M,Sudeste,26-40,4055.74,727,131,1,0.928643,1,0.877183,1,
C02364,M,Nordeste,18-25,1926.93,656,59,1,0.445591,0,0.555065,1,
C02365,M,Nordeste,26-40,1583.03,601,74,0,0.283971,0,0.316722,0,
C02366,F,Sul,18-25,3256.83,756,43,0,0.648945,1,0.803138,1,
C02367,M,Sudeste,26-40,1206.28,524,45,0,0.061141,0,0.097192,0,
C02368,F,Sudeste,26-40,5558.22,678,50,1,0.364445,0,0.520725,1,
C02369,M,Norte,26-40,1708.7,519,66,0,0.107715,0,0.128297,0,
C02370,F,Sul,41-60,4662.11,614,189,1,0.936573,1,0.755286,1,
C02371,F,Nordeste,26-40,3461.66,529,59,1,0.270363,0,0.362431,0,
C02372,M,Norte,41-60,2567.99,676,140,0,0.804444,1,0.646666,1,
C02373,F,Sudeste,60+,3517.44,737,186,1,0.977127,1,0.906702,1,
C02374,F,Sul,41-60,3008.23,758,148,1,0.952892,1,0.893412,1,
C02375,F,Sudeste,60+,2146.15,609,178,0,0.887832,1,0.646942,1,
C02376,F,Sudeste,41-60,4756.57,623,156,1,0.841181,1,0.652903,1,
C02377,F,Norte,26-40,6632.96,811,79,0,0.862944,1,0.891116,1,
C02378,M,Nordeste,41-60,7392.35,630,157,1,0.823036,1,0.617566,1,
C02379,F,Sudeste,41-60,5174.5,842,182,0,0.992217,1,0.971222,1,
C02380,F,Nordeste,18-25,2929.39,720,42,1,0.506069,1,0.690819,1,
C02381,M,Norte,60+,1433.45,512,171,0,0.402139,0,0.131906,0,
C02382,M,Nordeste,41-60,4430.76,516,198,1,0.841946,1,0.477584,0,
C02383,M,Sudeste,26-40,5732.71,654,91,1,0.751876,1,0.757238,1,
C02384,F,Norte,26-40,4790.18,591,17,1,0.091329,0,0.232856,0,
C02385,F,Sudeste,41-60,9356.44,696,141,1,0.958023,1,0.918982,1,
C02386,F,Sul,26-40,6060.34,573,17,1,0.325706,0,0.608172,1,
C02387,F,Centro-Oeste,41-60,5310.04,784,89,1,0.94612,1,0.95191,1,
C02388,F,Sudeste,41-60,5699.64,645,173,1,0.959053,1,0.867161,1,
C02389,M,Sudeste,26-40,1821.76,607,104,1,0.385106,0,0.31596,0,
C02390,M,Sudeste,60+,3749.9,599,222,1,0.868378,1,0.430549,0,
C02391,F,Norte,41-60,14390.69,740,122,1,0.978658,1,0.970373,1,
C02392,M,Sudeste,18-25,3063.18,665,0,1,0.190249,0,0.481002,0,
C02393,F,Norte,41-60,2477.79,534,86,0,0.391368,0,0.384684,0,
C02394,F,Sudeste,26-40,1756.06,505,30,0,0.043699,0,0.089412,0,
C02395,M,Sudeste,41-60,2203.96,519,64,0,0.057443,0,0.072766,0,
C02396,M,Nordeste,41-60,5367.27,732,145,1,0.907215,1,0.815428,1,
C02397,F,Nordeste,60+,2122.28,577,163,0,0.708353,1,0.412184,0,
C02398,F,Norte,18-25,1078.14,569,0,0,0.058114,0,0.181551,0,
C02399,M,Sudeste,60+,6376.7,596,197,1,0.940204,1,0.746857,1,
C02400,F,Sudeste,60+,2286.91,683,184,1,0.884588,1,0.627502,1,
C02401,M,Sudeste,18-25,3108.98,572,0,0,0.09583,0,0.295682,0,
C02402,M,Sul,26-40,5710.78,666,46,1,0.643973,1,0.792744,1,
C02403,M,Norte,41-60,3954.43,694,77,0,0.79436,1,0.830534,1,
C02404,M,Sudeste,18-25,1741.92,510,0,0,0.057187,0,0.180986,0,
C02405,M,Sudeste,41-60,5683.6,587,129,0,0.590748,1,0.427545,0,
C02406,M,Norte,18-25,1000.0,554,0,0,0.02804,0,0.088631,0,
C02407,F,Sudeste,41-60,4302.29,584,114,0,0.590148,1,0.47929,0,
C02408,M,Sul,41-60,5079.97,743,120,1,0.921343,1,0.887327,1,
C02409,M,Sudeste,41-60,3626.76,615,140,0,0.832969,1,0.689344,1,
C02410,M,Sudeste,26-40,3033.49,634,92,1,0.647232,1,0.634716,1,
C02411,M,Nordeste,18-25,1847.63,620,0,0,0.090207,0,0.267543,0,
C02412,M,Nordeste,18-25,3196.96,794,35,1,0.778607,1,0.899689,1,
C02413,M,Sudeste,41-60,2823.43,587,231,0,0.845904,1,0.345706,0,
C02414,M,Sudeste,26-40,6433.64,681,70,0,0.834175,1,0.880991,1,
C02415,F,Centro-Oeste,26-40,6163.06,701,42,1,0.662167,1,0.819059,1,
C02416,M,Nordeste,41-60,3200.17,626,180,1,0.876133,1,0.623872,1,
C02417,F,Sudeste,26-40,3891.37,725,53,0,0.687962,1,0.805935,1,
C02418,M,Sudeste,26-40,2596.16,689,132,1,0.877179,1,0.784256,1,
C02419,M,Sudeste,26-40,3681.1,640,101,0,0.690321,1,0.651323,1,
C02420,F,Sul,26-40,1266.76,578,86,0,0.291276,0,0.277795,0,
C02421,F,Nordeste,41-60,5538.99,550,73,0,0.473746,0,0.538333,1,
C02422,F,Sul,41-60,2733.05,417,124,0,0.116886,0,0.059857,0,
C02423,F,Sudeste,26-40,2390.16,554,15,1,0.113979,0,0.279868,0,
C02424,F,Nordeste,26-40,2717.58,550,79,0,0.196346,0,0.204257,0,
C02425,M,Centro-Oeste,41-60,3599.35,614,135,1,0.826694,1,0.69652,1,
C02426,M,Sudeste,41-60,4450.56,655,168,1,0.921113,1,0.775938,1,
C02427,M,Sudeste,18-25,1856.54,609,0,0,0.11579,0,0.335352,0,
C02428,M,Sudeste,41-60,5693.69,692,193,1,0.980961,1,0.914575,1,
C02429,M,Sudeste,26-40,11303.95,758,127,1,0.97177,1,0.957315,1,
C02430,M,Nordeste,26-40,3619.68,694,52,1,0.728383,1,0.833863,1,
C02431,F,Sul,18-25,2370.21,658,0,1,0.314413,0,0.649342,1,
C02432,M,Norte,60+,4709.62,658,193,1,0.964355,1,0.844524,1,
C02433,M,Sudeste,41-60,2592.6,519,119,0,0.308809,0,0.196057,0,
C02434,M,Centro-Oeste,41-60,3495.66,710,190,0,0.956371,1,0.821861,1,
C02435,F,Sudeste,60+,4194.16,485,160,0,0.739905,1,0.4664,0,
C02436,M,Nordeste,26-40,3231.16,736,135,0,0.899031,1,0.818633,1,
C02437,M,Norte,26-40,1766.51,614,53,0,0.201747,0,0.295322,0,
C02438,M,Norte,60+,5074.06,632,204,1,0.956107,1,0.784905,1,
C02439,M,Nordeste,41-60,7570.0,734,184,1,0.984718,1,0.94182,1,
C02440,M,Centro-Oeste,41-60,3924.23,492,145,0,0.544557,1,0.317399,0,
C02441,F,Nordeste,26-40,1674.16,525,18,1,0.045853,0,0.111634,0,
C02442,M,Nordeste,26-40,4011.6,513,76,0,0.286714,0,0.321235,0,
C02443,M,Sudeste,41-60,2653.64,587,111,0,0.404865,0,0.304263,0,
C02444,M,Centro-Oeste,18-25,1000.0,634,16,0,0.085951,0,0.203877,0,
C02445,F,Nordeste,41-60,2998.61,579,123,0,0.618922,1,0.477421,0,
C02446,M,Sudeste,26-40,4820.59,668,66,1,0.709496,1,0.787542,1,
C02447,F,Sul,60+,3451.61,683,169,0,0.936775,1,0.810887,1,
C02448,F,Sudeste,41-60,3616.97,488,42,1,0.109126,0,0.187125,0,
C02449,M,Sudeste,26-40,4657.56,676,117,1,0.874238,1,0.824585,1,
C02450,M,Sudeste,26-40,5303.05,620,87,1,0.742049,1,0.75488,1,
C02451,F,Sul,26-40,4368.8,733,109,1,0.900538,1,0.876762,1,
C02452,F,Norte,41-60,3891.95,565,55,1,0.351527,0,0.476998,0,
C02453,F,Sudeste,26-40,2707.15,597,24,0,0.111327,0,0.243895,0,
C02454,F,Centro-Oeste,26-40,2431.16,531,25,1,0.058564,0,0.131184,0,
C02455,F,Nordeste,41-60,3684.33,598,104,1,0.635813,1,0.577281,1,
C02456,M,Nordeste,26-40,4009.49,667,68,1,0.748648,1,0.811503,1,
C02457,F,Nordeste,41-60,6148.7,664,108,1,0.762856,1,0.70867,1,
C02458,M,Nordeste,26-40,6168.61,662,106,1,0.886317,1,0.864738,1,
C02459,M,Sudeste,41-60,2306.85,635,198,1,0.917772,1,0.657364,1,
C02460,M,Sudeste,18-25,1818.67,682,8,0,0.2672,0,0.561733,1,
C02461,F,Sudeste,26-40,1013.25,628,73,0,0.19537,0,0.210797,0,
C02462,F,Sul,60+,6709.47,763,230,1,0.990806,1,0.929061,1,
C02463,F,Nordeste,41-60,6286.52,721,125,0,0.876384,1,0.808497,1,
C02464,F,Nordeste,41-60,6296.1,602,153,1,0.902129,1,0.776971,1,
C02465,F,Sudeste,26-40,4220.79,741,53,0,0.874858,1,0.930427,1,
C02466,M,Sudeste,26-40,4057.57,637,83,0,0.669388,1,0.694573,1,
C02467,F,Norte,26-40,2927.4,574,63,1,0.282971,0,0.364111,0,
C02468,M,Norte,18-25,1355.31,566,0,0,0.034741,0,0.111472,0,
C02469,M,Nordeste,26-40,1211.41,440,0,0,0.020609,0,0.066821,0,
C02470,F,Nordeste,41-60,5707.5,714,204,1,0.94739,1,0.751455,1,
C02471,M,Centro-Oeste,26-40,3064.98,530,71,1,0.329179,0,0.381105,0,
C02472,M,Sul,26-40,3839.15,625,68,1,0.579782,1,0.660391,1,
C02473,F,Sudeste,26-40,1014.85,481,29,0,0.045476,0,0.09323,0,
C02474,F,Norte,41-60,1466.97,596,101,1,0.47292,0,0.403628,0,
C02475,M,Nordeste,18-25,2056.31,546,31,0,0.185554,0,0.344095,0,
C02476,F,Sudeste,26-40,3596.16,595,28,0,0.260008,0,0.477755,0,
C02477,F,Sul,18-25,1179.93,386,0,0,0.01387,0,0.044394,0,
C02478,M,Norte,18-25,1038.15,571,37,0,0.092163,0,0.168327,0,
C02479,M,Sudeste,18-25,2894.4,519,36,1,0.122618,0,0.232174,0,
C02480,F,Nordeste,41-60,2916.68,452,34,0,0.055712,0,0.108127,0,
C02481,F,Nordeste,26-40,2336.17,706,18,1,0.485924,0,0.745884,1,
C02482,F,Nordeste,26-40,6039.67,726,80,1,0.723983,1,0.761167,1,
C02483,F,Norte,41-60,2895.43,655,149,1,0.800547,1,0.595593,1,
C02484,M,Sul,26-40,3335.91,670,52,1,0.708284,1,0.81673,1,
C02485,F,Centro-Oeste,26-40,3611.65,687,83,1,0.829943,1,0.84765,1,
C02486,M,Sudeste,26-40,2249.43,576,42,0,0.093901,0,0.163267,0,
C02487,M,Sul,60+,3965.84,653,249,1,0.973585,1,0.749262,1,
C02488,F,Sul,18-25,2427.26,529,45,0,0.056791,0,0.096065,0,
C02489,M,Sudeste,18-25,5133.38,752,68,1,0.833939,1,0.885704,1,
C02490,M,Sudeste,26-40,9792.07,827,105,1,0.969288,1,0.967538,1,
C02491,M,Sudeste,41-60,3356.47,542,148,1,0.701889,1,0.468927,0,
C02492,M,Sudeste,26-40,2496.15,589,106,1,0.351867,0,0.273323,0,
C02493,M,Sudeste,41-60,4791.88,519,129,1,0.47585,0,0.308851,0,
C02494,M,Nordeste,41-60,4225.58,590,155,1,0.789274,1,0.568025,1,
C02495,M,Nordeste,18-25,1658.22,855,101,0,0.920729,1,0.909936,1,
C02496,F,Sul,18-25,1542.55,546,53,0,0.248296,0,0.343279,0,
C02497,M,Norte,26-40,1434.04,472,39,0,0.0579,0,0.104115,0,
C02498,M,Nordeste,41-60,7121.03,448,65,0,0.123587,0,0.160794,0,
C02499,F,Nordeste,41-60,6498.89,598,113,1,0.555772,1,0.459261,0,
C02500,F,Sudeste,26-40,4845.37,660,72,1,0.712467,1,0.773083,1,
C02501,M,Sul,26-40,4064.42,565,34,0,0.344403,0,0.553228,1,
C02502,F,Sudeste,18-25,1561.32,581,0,0,0.108825,0,0.313508,0,
C02503,M,Norte,41-60,4963.94,690,129,1,0.88507,1,0.813437,1,
C02504,M,Sudeste,41-60,2383.74,527,130,0,0.359022,0,0.211964,0,
C02505,M,Nordeste,26-40,2176.48,528,65,0,0.24162,0,0.298721,0,
C02506,F,Nordeste,41-60,2535.94,687,191,0,0.873858,1,0.567251,1,
C02507,F,Nordeste,18-25,1000.0,561,0,0,0.087246,0,0.253699,0,
C02508,F,Nordeste,26-40,2425.12,507,113,1,0.426864,0,0.317136,0,
C02509,F,Sudeste,26-40,3735.38,585,53,0,0.161633,0,0.252057,0,
C02510,F,Nordeste,60+,2743.37,480,143,0,0.317215,0,0.145836,0,
C02511,M,Sul,41-60,3690.86,583,159,1,0.56868,1,0.289151,0,
C02512,M,Sul,41-60,4025.64,514,117,1,0.559121,1,0.43807,0,
C02513,M,Nordeste,26-40,2578.56,621,43,1,0.27732,0,0.436414,0,
C02514,F,Sul,26-40,1000.0,324,0,0,0.003237,0,0.009646,0,
C02515,M,Sul,26-40,4712.73,690,137,1,0.89363,1,0.806571,1,
C02516,F,Sudeste,26-40,3529.12,563,43,0,0.345539,0,0.51554,1,
C02517,M,Nordeste,41-60,3895.12,654,205,0,0.952554,1,0.765737,1,
C02518,M,Nordeste,60+,2723.33,701,175,1,0.926409,1,0.765916,1,
C02519,M,Centro-Oeste,26-40,1730.4,546,8,1,0.037412,0,0.107735,0,
C02520,M,Sudeste,60+,2600.71,538,166,1,0.444728,0,0.173154,0,
C02521,M,Norte,41-60,4859.03,729,127,1,0.921886,1,0.875341,1,
C02522,M,Sudeste,41-60,3798.29,654,122,0,0.859213,1,0.787286,1,
C02523,M,Nordeste,18-25,3637.45,741,54,1,0.742784,1,0.842887,1,
C02524,F,Sudeste,26-40,2275.07,600,72,0,0.200379,0,0.228983,0,
C02525,F,Centro-Oeste,26-40,4480.67,537,20,1,0.188,0,0.403997,0,
C02526,F,Nordeste,41-60,2688.33,445,56,0,0.044822,0,0.06303,0,
C02527,M,Sudeste,41-60,4434.08,579,164,0,0.643607,1,0.343037,0,
C02528,F,Sul,60+,1941.5,407,106,0,0.15534,0,0.10666,0,
C02529,M,Sul,26-40,4979.87,570,17,0,0.149585,0,0.3453,0,
C02530,M,Nordeste,26-40,2436.43,733,118,1,0.775763,1,0.690962,1,
C02531,M,Sul,18-25,1503.92,535,0,0,0.037886,0,0.12002,0,
C02532,F,Nordeste,60+,2319.24,538,162,0,0.351986,0,0.130267,0,
C02533,F,Sudeste,18-25,1000.0,700,14,1,0.21899,0,0.461466,0,
C02534,M,Nordeste,18-25,1638.25,712,73,1,0.571715,1,0.627176,1,
C02535,F,Sul,41-60,4599.29,616,136,1,0.855534,1,0.741602,1,
C02536,F,Centro-Oeste,41-60,3227.67,513,126,1,0.210245,0,0.116779,0,
C02537,F,Sudeste,41-60,7508.07,809,191,1,0.989341,1,0.955868,1,
C02538,F,Sul,41-60,3298.76,503,146,0,0.536809,1,0.305154,0,
C02539,M,Sudeste,26-40,3611.81,598,79,1,0.263427,0,0.283157,0,
C02540,M,Sudeste,41-60,5706.84,649,135,1,0.912968,1,0.842653,1,
C02541,M,Nordeste,60+,1731.12,433,180,0,0.206186,0,0.047351,0,
C02542,M,Sul,18-25,4948.03,713,0,1,0.451607,0,0.785117,1,
C02543,F,Nordeste,26-40,9770.12,864,74,1,0.980452,1,0.987489,1,
C02544,F,Sudeste,26-40,2256.36,603,60,1,0.276774,0,0.365998,0,
C02545,M,Sul,18-25,1012.73,653,9,0,0.085195,0,0.222698,0,
C02546,F,Nordeste,26-40,1259.1,580,26,0,0.101202,0,0.214597,0,
C02547,F,Sul,26-40,4260.47,607,0,0,0.275408,0,0.611894,1,
C02548,M,Sul,18-25,1246.96,410,23,0,0.010122,0,0.022185,0,
C02549,F,Centro-Oeste,41-60,1833.47,374,74,0,0.03694,0,0.038908,0,
C02550,F,Nordeste,41-60,5395.28,485,105,0,0.515694,1,0.444802,0,
C02551,F,Nordeste,41-60,3809.88,429,110,0,0.20213,0,0.14226,0,
C02552,F,Centro-Oeste,41-60,6955.34,594,23,1,0.475964,0,0.730847,1,
C02553,M,Norte,41-60,1452.73,361,115,0,0.02887,0,0.014921,0,
C02554,M,Sudeste,41-60,10057.33,710,173,1,0.979186,1,0.934482,1,
C02555,F,Nordeste,26-40,2650.78,548,0,0,0.05497,0,0.175886,0,
C02556,M,Centro-Oeste,18-25,1696.29,636,15,0,0.194311,0,0.424119,0,
C02557,M,Nordeste,41-60,2613.9,669,178,1,0.854613,1,0.588145,1,
C02558,F,Norte,26-40,2012.73,590,56,1,0.296672,0,0.399991,0,
C02559,M,Sul,26-40,2185.99,672,85,0,0.617735,1,0.628651,1,
C02560,F,Sudeste,26-40,4900.69,792,129,0,0.959513,1,0.933839,1,
C02561,F,Nordeste,41-60,7150.36,701,171,1,0.964638,1,0.891788,1,
C02562,M,Sul,41-60,6372.52,669,172,1,0.962249,1,0.88067,1,
C02563,M,Norte,18-25,1821.18,585,0,0,0.142634,0,0.387305,0,
C02564,F,Sudeste,41-60,5912.66,677,148,1,0.796667,1,0.611674,1,
C02565,M,Sudeste,60+,2350.41,649,187,1,0.797608,1,0.448658,0,
C02566,M,Sudeste,18-25,2115.21,564,38,0,0.184659,0,0.320723,0,
C02567,M,Centro-Oeste,41-60,4249.32,724,152,1,0.946362,1,0.874325,1,
C02568,F,Norte,41-60,7296.11,662,91,1,0.844398,1,0.851454,1,
C02569,F,Sul,18-25,1000.0,516,0,0,0.017723,0,0.0563,0,
C02570,F,Sudeste,26-40,1765.49,430,79,0,0.114806,0,0.114769,0,
C02571,M,Centro-Oeste,26-40,2247.57,574,3,0,0.142502,0,0.378956,0,
C02572,F,Centro-Oeste,41-60,6569.46,695,170,1,0.960725,1,0.881354,1,
C02573,M,Sudeste,41-60,3129.15,534,118,0,0.248199,0,0.157992,0,
C02574,M,Sul,41-60,4044.71,675,166,1,0.945893,1,0.842778,1,
C02575,M,Sudeste,18-25,1926.47,608,0,0,0.048518,0,0.157835,0,
C02576,M,Norte,41-60,5690.26,657,122,0,0.764288,1,0.660188,1,
C02577,M,Centro-Oeste,26-40,4225.83,627,50,1,0.506038,1,0.659856,1,
C02578,M,Sudeste,26-40,5189.34,691,151,1,0.939395,1,0.861446,1,
C02579,F,Norte,18-25,1690.41,697,2,1,0.231076,0,0.537698,1,
C02580,M,Nordeste,26-40,1000.0,319,42,0,0.004229,0,0.006481,0,
C02581,F,Centro-Oeste,18-25,1497.63,637,0,0,0.070168,0,0.215784,0,
C02582,M,Sudeste,41-60,7280.78,602,175,0,0.817477,1,0.535008,1,
C02583,M,Sudeste,18-25,3651.02,640,71,1,0.711197,1,0.768497,1,
C02584,F,Sul,26-40,7466.07,616,37,1,0.467672,0,0.681571,1,
C02585,F,Sudeste,26-40,1732.45,492,12,0,0.054976,0,0.147853,0,
C02586,M,Norte,26-40,5747.4,695,87,0,0.811115,1,0.827891,1,
C02587,M,Nordeste,60+,10383.82,712,212,1,0.985721,1,0.918796,1,
C02588,M,Norte,18-25,1063.43,713,11,1,0.150075,0,0.364209,0,
C02589,F,Sudeste,26-40,1583.05,547,0,0,0.067475,0,0.210301,0,
C02590,M,Sul,26-40,4821.84,661,43,0,0.568738,1,0.741818,1,
C02591,F,Sudeste,26-40,3514.1,596,46,1,0.511412,1,0.67157,1,
C02592,M,Nordeste,26-40,2163.22,501,93,0,0.272401,0,0.240362,0,
C02593,F,Centro-Oeste,26-40,3421.07,709,28,0,0.519893,1,0.738826,1,
C02594,M,Sudeste,41-60,11145.63,917,218,1,0.998882,1,0.993322,1,
C02595,M,Sudeste,41-60,2765.05,587,161,0,0.765322,1,0.500096,1,
C02596,M,Nordeste,18-25,1000.0,513,11,0,0.016468,0,0.044366,0,
C02597,M,Sudeste,41-60,3812.28,613,116,1,0.672848,1,0.573396,1,
C02598,M,Nordeste,60+,4414.07,604,198,1,0.927457,1,0.696374,1,
C02599,F,Nordeste,26-40,1374.85,639,0,1,0.250655,0,0.560181,1,
C02600,F,Sudeste,18-25,2180.9,701,11,1,0.321325,0,0.619581,1,
C02601,M,Nordeste,41-60,4364.56,719,145,1,0.927057,1,0.848474,1,
C02602,F,Nordeste,18-25,2143.37,660,8,0,0.267451,0,0.562941,1,
C02603,F,Sudeste,18-25,1928.32,580,0,1,0.116591,0,0.334572,0,
C02604,F,Nordeste,41-60,2473.88,479,104,0,0.143869,0,0.101981,0,
C02605,F,Sudeste,18-25,2354.75,869,50,1,0.913878,1,0.955664,1,
C02606,M,Sul,26-40,4296.86,695,89,1,0.716036,1,0.717162,1,
C02607,F,Sudeste,26-40,4539.04,584,48,1,0.328627,0,0.47264,0,
C02608,M,Sudeste,60+,4528.53,646,156,0,0.877289,1,0.718906,1,
C02609,M,Centro-Oeste,26-40,1915.48,686,119,1,0.698552,1,0.584797,1,
C02610,F,Nordeste,41-60,6789.21,682,115,1,0.829679,1,0.779172,1,
C02611,M,Sudeste,60+,5539.74,724,241,1,0.989198,1,0.900063,1,
C02612,F,Norte,41-60,3290.59,536,123,0,0.54942,1,0.4036,0,
C02613,F,Nordeste,41-60,3787.9,644,99,0,0.73678,1,0.708661,1,
C02614,F,Sudeste,41-60,1464.76,336,72,0,0.075375,0,0.078659,0,
C02615,F,Nordeste,26-40,2339.6,582,3,0,0.130223,0,0.35649,0,
C02616,M,Sudeste,26-40,2675.01,647,86,0,0.549473,1,0.558395,1,
C02617,M,Sudeste,60+,2542.23,533,175,1,0.684072,1,0.339321,0,
C02618,F,Nordeste,26-40,2682.52,548,10,0,0.163416,0,0.39157,0,
C02619,M,Centro-Oeste,26-40,2348.29,611,48,1,0.251247,0,0.369873,0,
C02620,M,Nordeste,26-40,1706.04,568,21,1,0.182481,0,0.374606,0,
C02621,M,Sudeste,41-60,7491.95,559,107,0,0.594263,1,0.53308,1,
C02622,F,Sudeste,18-25,2170.62,683,11,0,0.145824,0,0.356214,0,
C02623,F,Sudeste,60+,3213.98,624,150,0,0.84645,1,0.675296,1,
C02624,F,Centro-Oeste,18-25,1000.0,579,6,0,0.062763,0,0.179328,0,
C02625,M,Centro-Oeste,26-40,4622.48,802,118,1,0.922826,1,0.889687,1,
C02626,M,Norte,26-40,3125.41,831,115,1,0.940427,1,0.920004,1,
C02627,F,Sudeste,41-60,2849.54,578,89,1,0.494295,0,0.484091,0,
C02628,F,Nordeste,41-60,7722.67,740,158,1,0.970179,1,0.925418,1,
C02629,F,Nordeste,26-40,4784.77,706,115,1,0.90392,1,0.86986,1,
C02630,M,Norte,26-40,1520.0,511,42,0,0.056112,0,0.094648,0,
C02631,M,Sudeste,60+,1340.95,552,247,0,0.863151,1,0.312633,0,
C02632,F,Sul,18-25,1067.68,608,0,0,0.082467,0,0.247726,0,
C02633,F,Sudeste,41-60,7148.37,732,110,1,0.960931,1,0.952095,1,
C02634,F,Nordeste,41-60,3906.8,727,183,1,0.915453,1,0.711655,1,
C02635,M,Norte,41-60,4122.58,524,107,1,0.456449,0,0.378643,0,
C02636,M,Nordeste,60+,2952.94,485,221,0,0.586928,1,0.132557,0,
C02637,M,Nordeste,26-40,3735.33,752,76,1,0.774418,1,0.819301,1,
C02638,M,Nordeste,41-60,5443.11,672,109,1,0.666878,1,0.596725,1,
C02639,M,Norte,26-40,5666.28,671,75,1,0.750862,1,0.80118,1,
C02640,F,Sudeste,26-40,2410.25,659,89,0,0.685437,1,0.682238,1,
C02641,F,Nordeste,26-40,1829.66,522,27,0,0.066362,0,0.139541,0,
C02642,F,Nordeste,60+,3126.36,560,167,1,0.756781,1,0.463947,0,
C02643,F,Centro-Oeste,60+,1759.09,679,163,0,0.647108,1,0.342738,0,
C02644,M,Sudeste,26-40,2205.68,629,101,1,0.557086,1,0.500219,1,
C02645,M,Norte,18-25,2599.63,776,39,1,0.519807,1,0.715903,1,
C02646,F,Nordeste,41-60,2060.33,468,113,1,0.205913,0,0.135109,0,
C02647,M,Sudeste,60+,2616.44,560,162,0,0.64589,1,0.350868,0,
C02648,M,Sudeste,18-25,7841.87,870,52,1,0.964097,1,0.983311,1,
C02649,M,Nordeste,18-25,1760.45,713,31,1,0.419435,0,0.64101,1,
C02650,M,Sudeste,18-25,1359.29,653,46,1,0.369618,0,0.519783,1,
C02651,M,Sul,26-40,1706.71,605,59,1,0.290579,0,0.379956,0,
C02652,M,Nordeste,41-60,6345.09,592,141,1,0.874157,1,0.759747,1,
C02653,M,Sudeste,60+,4018.01,669,230,1,0.97748,1,0.827645,1,
C02654,M,Nordeste,26-40,2782.69,678,49,1,0.377076,0,0.522647,1,
C02655,F,Nordeste,41-60,4515.21,639,100,1,0.805422,1,0.782029,1,
C02656,M,Sudeste,18-25,1000.0,489,9,0,0.017558,0,0.048101,0,
C02657,F,Sudeste,41-60,2577.18,507,174,1,0.583536,1,0.250178,0,
C02658,F,Nordeste,18-25,1000.0,531,0,0,0.027183,0,0.089149,0,
C02659,M,Sudeste,26-40,3963.08,677,72,1,0.499553,0,0.576188,1,
C02660,M,Nordeste,41-60,1470.0,606,185,0,0.765743,1,0.395218,0,
C02661,M,Norte,41-60,2660.74,645,148,1,0.782774,1,0.58237,1,
C02662,F,Sudeste,41-60,4825.77,641,85,0,0.748335,1,0.767067,1,
C02663,F,Sul,18-25,4298.69,665,16,0,0.490028,0,0.76116,1,
C02664,F,Centro-Oeste,60+,3365.66,658,170,1,0.911272,1,0.742399,1,
C02665,M,Sudeste,26-40,3745.69,707,64,1,0.778646,1,0.846036,1,
C02666,F,Centro-Oeste,26-40,2072.23,485,9,0,0.025613,0,0.073391,0,
C02667,F,Sudeste,26-40,2590.48,559,117,1,0.46784,0,0.346995,0,
C02668,F,Sudeste,41-60,3942.49,526,121,0,0.491886,0,0.359318,0,
C02669,F,Sudeste,26-40,2111.45,536,6,0,0.042959,0,0.127255,0,
C02670,M,Norte,18-25,1856.46,666,0,1,0.271984,0,0.597052,1,
C02671,M,Norte,60+,3793.84,609,196,0,0.815571,1,0.43514,0,
C02672,M,Nordeste,26-40,4496.44,607,119,1,0.718148,1,0.616359,1,
C02673,F,Norte,26-40,4387.81,729,57,1,0.831618,1,0.898412,1,
C02674,F,Nordeste,26-40,3616.92,664,71,0,0.76617,1,0.817094,1,
C02675,M,Centro-Oeste,26-40,2324.71,655,79,0,0.517876,1,0.539955,1,
C02676,F,Norte,60+,2893.61,510,165,0,0.385306,0,0.142185,0,
C02677,F,Sudeste,26-40,2667.2,570,35,0,0.104512,0,0.199108,0,
C02678,M,Nordeste,41-60,4730.13,594,164,1,0.898735,1,0.732206,1,
C02679,M,Centro-Oeste,41-60,5978.21,738,193,1,0.981778,1,0.920067,1,
C02680,F,Sudeste,41-60,2752.83,380,42,0,0.036654,0,0.064925,0,
C02681,M,Sudeste,18-25,1970.0,560,3,0,0.095842,0,0.276358,0,
C02682,M,Nordeste,41-60,5911.81,721,114,1,0.899837,1,0.869452,1,
C02683,M,Norte,26-40,4296.84,622,83,1,0.580402,1,0.607815,1,
C02684,M,Nordeste,60+,1143.59,551,190,0,0.529211,1,0.164823,0,
C02685,F,Norte,18-25,2474.39,802,15,1,0.671113,1,0.875211,1,
C02686,F,Norte,26-40,3486.69,586,39,1,0.369459,0,0.559816,1,
C02687,M,Nordeste,41-60,2737.03,695,195,0,0.893198,1,0.60023,1,
C02688,F,Nordeste,18-25,6155.6,761,48,1,0.871966,1,0.936469,1,
C02689,M,Sudeste,26-40,1437.19,515,46,0,0.077798,0,0.127345,0,
C02690,F,Sudeste,41-60,3470.75,647,136,1,0.864446,1,0.753752,1,
C02691,F,Sul,26-40,3901.67,538,9,1,0.259085,0,0.546396,1,
C02692,F,Sul,26-40,4368.93,657,8,1,0.414593,0,0.726771,1,
C02693,F,Norte,18-25,1000.0,545,0,0,0.024035,0,0.07633,0,
C02694,F,Sudeste,18-25,1064.47,494,9,0,0.02156,0,0.0591,0,
C02695,M,Centro-Oeste,41-60,5969.34,469,122,0,0.461541,0,0.330162,0,
C02696,F,Nordeste,60+,3513.58,533,168,1,0.707665,1,0.397819,0,
C02697,F,Sudeste,26-40,3116.2,614,39,1,0.447468,0,0.638335,1,
C02698,M,Sudeste,41-60,3005.51,492,146,0,0.254247,0,0.108087,0,
C02699,M,Sudeste,41-60,7409.14,648,155,1,0.968758,1,0.921833,1,
C02700,F,Sudeste,41-60,5459.4,681,114,1,0.845923,1,0.79838,1,
C02701,F,Centro-Oeste,26-40,2986.85,506,7,0,0.091935,0,0.256937,0,
C02702,M,Nordeste,41-60,1389.62,491,119,0,0.117389,0,0.063376,0,
C02703,M,Sudeste,18-25,1000.0,598,0,0,0.029691,0,0.095416,0,
C02704,M,Sudeste,26-40,2612.07,696,82,1,0.639509,1,0.667202,1,
C02705,M,Nordeste,41-60,2633.42,606,145,0,0.728161,1,0.515696,1,
C02706,M,Sudeste,41-60,7317.74,758,145,1,0.967967,1,0.934326,1,
C02707,F,Sul,41-60,1431.73,378,124,0,0.028624,0,0.012941,0,
C02708,M,Sudeste,26-40,1586.78,555,64,1,0.283564,0,0.346307,0,
C02709,M,Sudeste,26-40,2951.79,563,72,0,0.244087,0,0.277707,0,
C02710,M,Centro-Oeste,26-40,2671.63,483,97,0,0.296257,0,0.25218,0,
C02711,M,Nordeste,26-40,5815.25,740,83,1,0.761215,1,0.78755,1,
C02712,F,Norte,41-60,3658.39,457,49,1,0.067138,0,0.106556,0,
C02713,F,Nordeste,18-25,1107.99,701,7,1,0.211503,0,0.480527,0,
C02714,F,Norte,26-40,1809.15,593,11,0,0.184785,0,0.420567,0,
C02715,F,Sudeste,41-60,2872.72,527,113,0,0.634601,1,0.526252,1,
C02716,M,Sudeste,41-60,7801.46,667,201,1,0.953244,1,0.791239,1,
C02717,F,Centro-Oeste,26-40,6599.68,758,72,1,0.906726,1,0.93525,1,
C02718,F,Nordeste,18-25,1480.13,671,4,0,0.23395,0,0.527544,1,
C02719,F,Sudeste,60+,1987.64,716,235,1,0.982151,1,0.84388,1,
C02720,F,Sul,60+,1928.81,426,108,0,0.075755,0,0.047148,0,
C02721,F,Sudeste,60+,4250.83,652,208,1,0.957616,1,0.779327,1,
C02722,F,Sul,26-40,2073.2,566,6,0,0.065343,0,0.194849,0,
C02723,M,Sudeste,26-40,1192.32,431,0,0,0.007919,0,0.025038,0,
C02724,M,Sul,18-25,2782.3,616,0,1,0.204718,0,0.507941,1,
C02725,M,Centro-Oeste,26-40,2657.42,676,25,1,0.437844,0,0.683187,1,
C02726,M,Sudeste,26-40,1861.4,523,73,0,0.170217,0,0.191971,0,
C02727,M,Centro-Oeste,41-60,2670.09,672,155,1,0.729985,1,0.474541,0,
C02728,M,Nordeste,18-25,4687.93,764,73,1,0.868259,1,0.903611,1,
C02729,M,Sudeste,18-25,1000.0,421,43,0,0.010894,0,0.017236,0,
C02730,M,Norte,26-40,2317.45,510,80,1,0.106129,0,0.106022,0,
C02731,M,Sul,26-40,3412.59,549,62,0,0.118434,0,0.158672,0,
C02732,M,Sul,26-40,1632.7,423,37,0,0.028334,0,0.050723,0,
C02733,F,Sudeste,41-60,2941.27,475,111,1,0.15624,0,0.101935,0,
C02734,F,Nordeste,60+,2687.68,658,201,1,0.922549,1,0.666952,1,
C02735,M,Sudeste,41-60,2160.77,498,131,0,0.359433,0,0.205743,0,
C02736,M,Sudeste,18-25,1340.81,656,20,1,0.207074,0,0.421485,0,
C02737,F,Nordeste,26-40,4184.82,596,41,0,0.395858,0,0.584669,1,
C02738,F,Sudeste,41-60,4851.2,538,154,0,0.739482,1,0.499609,0,
C02739,M,Sudeste,26-40,1950.87,462,64,0,0.078738,0,0.095636,0,
C02740,M,Sul,26-40,2739.57,552,11,0,0.188916,0,0.431263,0,
C02741,F,Nordeste,18-25,1000.0,452,0,0,0.024477,0,0.077859,0,
C02742,M,Nordeste,41-60,4304.95,560,152,1,0.679442,1,0.434999,0,
C02743,M,Norte,41-60,8587.73,684,183,1,0.953496,1,0.837675,1,
C02744,F,Norte,41-60,3395.93,604,118,1,0.694849,1,0.586808,1,
C02745,F,Sudeste,26-40,2533.37,547,25,0,0.047894,0,0.109965,0,
C02746,M,Sudeste,26-40,5702.57,768,125,1,0.948616,1,0.921463,1,
C02747,F,Nordeste,41-60,4558.91,668,179,1,0.877774,1,0.63188,1,
C02748,F,Centro-Oeste,41-60,2975.56,554,101,0,0.297329,0,0.240558,0,
C02749,F,Nordeste,41-60,5412.16,481,19,1,0.211484,0,0.440945,0,
C02750,F,Centro-Oeste,26-40,1970.78,585,47,0,0.28337,0,0.417825,0,
C02751,M,Sul,60+,1961.64,630,146,0,0.491825,0,0.262034,0,
C02752,M,Sudeste,41-60,3047.07,635,175,1,0.882249,1,0.655459,1,
C02753,M,Sul,18-25,1202.52,422,15,0,0.008221,0,0.02051,0,
C02754,F,Nordeste,26-40,2934.58,502,66,1,0.216989,0,0.26992,0,
C02755,M,Nordeste,41-60,13553.07,638,200,1,0.980322,1,0.906933,1,
C02756,M,Sudeste,41-60,2483.15,560,206,0,0.722039,1,0.266063,0,
C02757,M,Norte,41-60,5626.7,782,217,1,0.993974,1,0.960762,1,
C02758,M,Nordeste,26-40,1456.9,300,9,0,0.002857,0,0.007557,0,
C02759,M,Norte,60+,2724.83,636,226,0,0.944732,1,0.656772,1,
C02760,F,Nordeste,26-40,3194.07,785,73,1,0.858696,1,0.894066,1,
C02761,F,Sudeste,26-40,3502.14,634,59,1,0.505674,1,0.623632,1,
C02762,F,Nordeste,26-40,2185.34,493,38,0,0.035737,0,0.066382,0,
C02763,F,Sudeste,41-60,10744.22,800,116,1,0.974834,1,0.968313,1,
C02764,M,Sul,41-60,3601.32,568,117,0,0.607158,1,0.491542,0,
C02765,F,Sul,41-60,3135.31,486,119,1,0.261109,0,0.168643,0,
C02766,M,Nordeste,26-40,1652.18,418,63,0,0.070859,0,0.088503,0,
C02767,F,Centro-Oeste,18-25,1172.3,637,0,1,0.150616,0,0.399362,0,
C02768,M,Centro-Oeste,26-40,6066.29,701,77,1,0.713897,1,0.758503,1,
C02769,F,Sudeste,41-60,4088.97,655,107,1,0.878052,1,0.848026,1,
C02770,M,Norte,18-25,1239.45,579,32,0,0.154283,0,0.286582,0,
C02771,F,Sudeste,41-60,2973.1,772,120,1,0.894667,1,0.846679,1,
C02772,F,Nordeste,60+,7931.9,706,146,1,0.942142,1,0.88099,1,
C02773,M,Sudeste,41-60,5147.4,635,121,1,0.872651,1,0.811239,1,
C02774,M,Nordeste,41-60,5181.4,779,227,1,0.993694,1,0.951882,1,
C02775,F,Centro-Oeste,26-40,6030.39,649,63,0,0.716847,1,0.802856,1,
C02776,M,Nordeste,26-40,2933.56,538,53,1,0.199058,0,0.293312,0,
C02777,M,Sudeste,26-40,3230.98,653,109,0,0.821041,1,0.771101,1,
C02778,F,Sudeste,26-40,3565.64,843,65,1,0.870967,1,0.917155,1,
C02779,M,Sudeste,41-60,6718.41,542,162,1,0.894743,1,0.730995,1,
C02780,F,Sudeste,41-60,4786.28,681,98,1,0.831155,1,0.818935,1,
C02781,F,Nordeste,41-60,4131.68,556,48,0,0.262795,0,0.401476,0,
C02782,M,Nordeste,60+,2799.3,652,238,1,0.912575,1,0.481464,0,
C02783,M,Sudeste,26-40,4740.75,746,112,1,0.900531,1,0.87307,1,
C02784,M,Nordeste,26-40,2162.61,565,55,1,0.110275,0,0.158345,0,
C02785,F,Sudeste,26-40,6694.7,850,116,1,0.969493,1,0.961001,1,
C02786,M,Sudeste,60+,4717.27,642,195,1,0.9507,1,0.788178,1,
C02787,M,Sudeste,18-25,2961.64,737,79,0,0.757026,1,0.792244,1,
C02788,F,Nordeste,26-40,5073.05,794,21,1,0.738732,1,0.90373,1,
C02789,M,Nordeste,60+,3836.97,508,161,0,0.571291,1,0.277845,0,
C02790,M,Sudeste,18-25,1000.0,535,0,0,0.026094,0,0.085955,0,
C02791,F,Nordeste,26-40,6640.08,719,39,1,0.69063,1,0.845997,1,
C02792,F,Sul,41-60,9987.61,687,147,1,0.956576,1,0.908816,1,
C02793,M,Sul,26-40,1996.1,604,80,0,0.2767,0,0.283383,0,
C02794,F,Nordeste,60+,6238.01,736,195,1,0.981547,1,0.91694,1,
C02795,F,Nordeste,26-40,7970.77,763,74,1,0.902935,1,0.93176,1,
C02796,F,Sudeste,60+,1000.0,557,164,1,0.416742,0,0.158118,0,
C02797,F,Norte,41-60,3696.18,621,96,0,0.627201,1,0.601939,1,
C02798,M,Sudeste,26-40,1578.53,488,64,0,0.070853,0,0.085756,0,
C02799,F,Nordeste,41-60,3537.45,630,75,1,0.564731,1,0.619544,1,
C02800,M,Sul,26-40,4896.73,765,27,0,0.71704,1,0.882537,1,
C02801,M,Nordeste,60+,4876.37,780,202,0,0.977478,1,0.884641,1,
C02802,M,Nordeste,26-40,4853.93,805,115,1,0.952248,1,0.937175,1,
C02803,F,Sudeste,41-60,4725.65,648,125,1,0.835812,1,0.749563,1,
C02804,M,Sudeste,26-40,4105.73,546,22,1,0.252271,0,0.488162,0,
C02805,F,Centro-Oeste,26-40,4735.37,615,28,1,0.348141,0,0.590155,1,
C02806,F,Sul,41-60,6262.5,787,157,1,0.986273,1,0.965495,1,
C02807,F,Sul,26-40,2488.78,485,0,1,0.065694,0,0.207098,0,
C02808,F,Centro-Oeste,26-40,2940.39,706,89,1,0.825858,1,0.829702,1,
C02809,F,Nordeste,26-40,5569.51,731,55,1,0.774289,1,0.866399,1,
C02810,M,Sudeste,26-40,1914.95,569,69,1,0.206894,0,0.248332,0,
C02811,M,Nordeste,41-60,5846.97,575,158,0,0.809513,1,0.580327,1,
C02812,M,Sul,41-60,4156.19,687,114,1,0.899944,1,0.863929,1,
C02813,F,Nordeste,18-25,1113.16,526,0,1,0.028433,0,0.089423,0,
C02814,F,Sul,26-40,3272.63,655,38,0,0.58399,1,0.761209,1,
C02815,M,Sudeste,26-40,2030.49,636,70,1,0.388725,0,0.45189,0,
C02816,M,Norte,26-40,5698.49,660,45,0,0.729589,1,0.852465,1,
C02817,F,Sul,26-40,3320.27,663,48,0,0.460688,0,0.624624,1,
C02818,M,Norte,26-40,2925.61,684,97,1,0.727962,1,0.705304,1,
C02819,M,Centro-Oeste,26-40,3200.89,636,69,1,0.552482,1,0.628831,1,
C02820,F,Sudeste,60+,3463.55,697,193,1,0.901919,1,0.63536,1,
C02821,F,Sul,60+,4483.23,614,223,1,0.904249,1,0.521704,1,
C02822,F,Norte,41-60,6902.95,710,155,1,0.963789,1,0.912126,1,
C02823,M,Sul,41-60,5419.36,722,189,1,0.975004,1,0.897223,1,
C02824,F,Sul,26-40,2972.72,503,0,1,0.036009,0,0.119214,0,
C02825,M,Norte,41-60,2309.08,337,113,0,0.036214,0,0.019949,0,
C02826,F,Sudeste,26-40,2616.45,490,30,0,0.059858,0,0.123374,0,
C02827,F,Sudeste,41-60,4484.35,491,44,0,0.270286,0,0.419913,0,
C02828,F,Sudeste,26-40,1631.52,501,4,0,0.072158,0,0.208317,0,
C02829,F,Sudeste,26-40,1610.21,596,15,0,0.068491,0,0.172396,0,
C02830,M,Norte,26-40,5419.21,748,90,1,0.922216,1,0.928264,1,
C02831,F,Sudeste,26-40,1296.95,604,16,0,0.101013,0,0.244909,0,
C02832,F,Sul,26-40,2002.3,705,65,0,0.713991,1,0.783742,1,
C02833,F,Nordeste,41-60,3484.46,545,113,0,0.611015,1,0.5078,1,
C02834,F,Sudeste,18-25,3248.03,677,26,1,0.363835,0,0.601646,1,
C02835,F,Sudeste,26-40,6121.46,799,99,1,0.942434,1,0.941422,1,
C02836,M,Sudeste,18-25,2243.15,687,65,1,0.555497,1,0.644914,1,
C02837,F,Sudeste,18-25,3504.85,798,20,1,0.803496,1,0.930401,1,
C02838,F,Sudeste,26-40,4168.86,695,38,0,0.663334,1,0.823528,1,
C02839,F,Centro-Oeste,41-60,2759.58,568,78,0,0.161026,0,0.171529,0,
C02840,F,Sudeste,26-40,6604.03,787,59,1,0.857473,1,0.917703,1,
C02841,M,Sul,41-60,1704.78,626,138,0,0.621309,1,0.41452,0,
C02842,M,Sudeste,26-40,2344.3,565,41,1,0.127977,0,0.218887,0,
C02843,M,Sudeste,41-60,4906.6,638,175,1,0.849352,1,0.587386,1,
C02844,M,Sudeste,18-25,1294.32,677,18,0,0.252937,0,0.495546,0,
C02845,F,Nordeste,41-60,2453.72,553,132,1,0.440478,0,0.271174,0,
C02846,M,Sudeste,26-40,4419.13,611,63,0,0.493322,0,0.599016,1,
C02847,M,Nordeste,60+,3150.31,607,208,0,0.89637,1,0.562615,1,
C02848,F,Sudeste,41-60,5836.77,676,181,1,0.957004,1,0.847619,1,
C02849,M,Nordeste,26-40,4628.27,712,99,1,0.902917,1,0.894939,1,
C02850,F,Sudeste,41-60,6890.02,677,126,1,0.877425,1,0.813053,1,
C02851,M,Centro-Oeste,41-60,7850.2,724,172,1,0.979094,1,0.934246,1,
C02852,F,Sudeste,41-60,6048.4,715,152,0,0.952847,1,0.891161,1,
C02853,F,Sul,41-60,5727.5,615,106,1,0.720173,1,0.671798,1,
C02854,M,Sudeste,41-60,4180.09,600,185,1,0.926404,1,0.733789,1,
C02855,F,Sul,60+,1201.52,488,198,0,0.480429,0,0.122113,0,
C02856,M,Norte,26-40,5012.65,667,72,1,0.734062,1,0.792547,1,
C02857,F,Nordeste,41-60,3170.83,745,90,1,0.842717,1,0.847647,1,
C02858,M,Sudeste,18-25,1685.28,558,0,0,0.04794,0,0.151301,0,
C02859,M,Sul,18-25,2328.77,547,0,1,0.064603,0,0.208345,0,
C02860,F,Sul,18-25,2538.92,607,0,1,0.196924,0,0.492597,0,
C02861,M,Sudeste,41-60,4459.13,576,124,0,0.716169,1,0.591103,1,
C02862,M,Sudeste,60+,1854.21,568,192,0,0.632873,1,0.227098,0,
C02863,F,Nordeste,18-25,1162.53,487,12,1,0.050983,0,0.133585,0,
C02864,M,Sudeste,26-40,1866.1,589,42,0,0.331416,0,0.492695,0,
C02865,M,Norte,41-60,8562.15,688,148,1,0.928446,1,0.844322,1,
C02866,M,Centro-Oeste,26-40,2684.04,552,33,0,0.060548,0,0.123196,0,
C02867,M,Sudeste,60+,4337.22,597,211,1,0.937561,1,0.685562,1,
C02868,F,Sul,41-60,12755.0,656,118,1,0.945846,1,0.926472,1,
C02869,M,Sudeste,26-40,3511.39,741,61,1,0.651679,1,0.756121,1,
C02870,F,Sudeste,41-60,5574.71,644,134,1,0.871852,1,0.778395,1,
C02871,F,Nordeste,26-40,4181.62,680,34,1,0.56888,1,0.767754,1,
C02872,F,Centro-Oeste,18-25,1428.79,591,0,0,0.125462,0,0.348515,0,
C02873,F,Sudeste,41-60,2931.07,474,67,0,0.066447,0,0.080578,0,
C02874,M,Sudeste,18-25,1838.74,645,0,0,0.207704,0,0.506856,1,
C02875,M,Sudeste,18-25,1000.0,483,25,0,0.031463,0,0.069487,0,
C02876,F,Sudeste,26-40,2654.53,486,19,0,0.062969,0,0.156696,0,
C02877,M,Sul,26-40,3690.73,595,48,1,0.525634,1,0.677963,1,
C02878,F,Sudeste,26-40,2497.26,623,0,1,0.16034,0,0.432158,0,
C02879,M,Norte,41-60,2702.79,704,148,1,0.748494,1,0.530602,1,
C02880,M,Sudeste,18-25,1147.31,511,10,0,0.042016,0,0.116116,0,
C02881,F,Nordeste,41-60,2201.27,577,82,0,0.413756,0,0.42508,0,
C02882,F,Sudeste,26-40,2465.77,606,30,0,0.282657,0,0.491357,0,
C02883,M,Nordeste,26-40,3854.25,680,116,1,0.905802,1,0.86681,1,
C02884,F,Sudeste,41-60,8449.94,687,109,1,0.90706,1,0.888273,1,
C02885,M,Sudeste,18-25,1394.01,738,78,1,0.672583,1,0.704843,1,
C02886,M,Norte,18-25,1455.93,636,11,1,0.195779,0,0.438608,0,
C02887,M,Nordeste,18-25,4311.32,721,41,1,0.616535,1,0.786796,1,
C02888,M,Nordeste,26-40,2355.93,554,107,1,0.285686,0,0.218871,0,
C02889,F,Sudeste,26-40,3142.85,588,13,1,0.114808,0,0.296654,0,
C02890,M,Sul,60+,3187.28,680,248,1,0.974723,1,0.759467,1,
C02891,F,Sul,26-40,3598.85,605,44,1,0.490558,0,0.661575,1,
C02892,F,Nordeste,18-25,1000.0,584,0,0,0.085143,0,0.250866,0,
C02893,M,Sudeste,18-25,1331.72,440,0,0,0.019561,0,0.064086,0,
C02894,M,Centro-Oeste,41-60,10135.57,795,133,1,0.989497,1,0.982549,1,
C02895,M,Nordeste,41-60,5883.35,551,157,0,0.782176,1,0.552284,1,
C02896,F,Sul,41-60,10969.91,668,128,0,0.903166,1,0.85071,1,
C02897,F,Nordeste,41-60,3288.61,452,92,1,0.150391,0,0.133422,0,
C02898,F,Nordeste,60+,2982.18,552,148,0,0.689655,1,0.453181,0,
C02899,F,Norte,41-60,5144.38,588,119,1,0.776476,1,0.687091,1,
C02900,F,Sul,41-60,2149.18,581,107,0,0.572299,1,0.485214,0,
C02901,M,Nordeste,41-60,3191.7,472,125,0,0.417217,0,0.270913,0,
C02902,M,Nordeste,41-60,5877.24,579,164,1,0.910557,1,0.760421,1,
C02903,F,Sudeste,41-60,5876.17,691,109,1,0.872875,1,0.844343,1,
C02904,F,Centro-Oeste,26-40,3156.19,525,0,1,0.087829,0,0.271616,0,
C02905,M,Sudeste,60+,2031.2,632,132,0,0.624035,1,0.445304,0,
C02906,F,Sudeste,41-60,7364.26,782,190,1,0.959466,1,0.840169,1,
C02907,M,Sul,41-60,4174.43,586,87,0,0.614047,1,0.609142,1,
C02908,F,Sudeste,26-40,2795.16,582,5,1,0.073542,0,0.215705,0,
C02909,M,Sudeste,26-40,3622.86,544,54,0,0.306327,0,0.425965,0,
C02910,M,Nordeste,41-60,2195.67,549,172,0,0.758857,1,0.437846,0,
C02911,M,Nordeste,26-40,3830.25,557,0,1,0.17023,0,0.451075,0,
C02912,M,Centro-Oeste,26-40,5995.99,779,85,1,0.906044,1,0.92114,1,
C02913,M,Nordeste,18-25,1348.46,685,0,0,0.19428,0,0.484053,0,
C02914,M,Sudeste,18-25,2007.06,556,12,1,0.168814,0,0.388042,0,
C02915,F,Sudeste,60+,4787.95,583,178,1,0.917686,1,0.732477,1,
C02916,F,Sudeste,26-40,1979.81,653,109,0,0.449689,0,0.353221,0,
C02917,M,Sudeste,26-40,1923.38,590,115,0,0.245441,0,0.160317,0,
C02918,F,Sudeste,41-60,8022.91,661,126,1,0.826545,1,0.744336,1,
C02919,M,Sudeste,26-40,2389.64,607,85,1,0.65047,1,0.655346,1,
C02920,M,Sudeste,41-60,5017.73,708,153,1,0.904922,1,0.788099,1,
C02921,F,Sudeste,26-40,4201.19,561,44,0,0.366852,0,0.538412,1,
C02922,M,Sudeste,26-40,1254.03,514,0,0,0.015052,0,0.048994,0,
C02923,M,Nordeste,41-60,3259.43,753,171,1,0.948962,1,0.843099,1,
C02924,M,Sudeste,41-60,5767.95,631,177,1,0.846331,1,0.576647,1,
C02925,M,Nordeste,41-60,4944.69,519,95,0,0.532058,1,0.503009,1,
C02926,M,Nordeste,41-60,9656.56,663,133,1,0.950569,1,0.91454,1,
C02927,F,Sudeste,26-40,1968.56,484,6,0,0.033814,0,0.09912,0,
C02928,F,Nordeste,18-25,1533.09,552,0,0,0.089207,0,0.264894,0,
C02929,F,Sul,26-40,2267.9,549,58,1,0.246526,0,0.331516,0,
C02930,M,Centro-Oeste,60+,1843.08,550,212,1,0.775023,1,0.307988,0,
C02931,M,Sudeste,26-40,3883.44,637,0,0,0.219641,0,0.527912,1,
C02932,M,Sudeste,41-60,2943.47,573,165,0,0.713205,1,0.404763,0,
C02933,F,Nordeste,18-25,3060.64,588,0,0,0.110468,0,0.320219,0,
C02934,M,Sudeste,26-40,2124.4,739,94,1,0.861052,1,0.853102,1,
C02935,F,Nordeste,60+,3093.06,476,182,0,0.553362,1,0.206365,0,
C02936,M,Sudeste,60+,1270.6,527,177,1,0.416088,0,0.132967,0,
C02937,M,Sudeste,26-40,2503.98,686,72,1,0.659617,1,0.717833,1,
C02938,M,Sudeste,18-25,1722.11,638,6,1,0.238,0,0.524454,1,
C02939,M,Sudeste,41-60,2955.7,436,113,1,0.308686,0,0.214704,0,
C02940,F,Sul,41-60,6962.39,678,126,1,0.91415,1,0.866289,1,
C02941,F,Sudeste,41-60,2449.62,542,112,0,0.494139,0,0.386698,0,
C02942,F,Nordeste,60+,3800.94,585,181,0,0.798597,1,0.46408,0,
C02943,M,Sul,41-60,3485.08,558,152,0,0.502227,1,0.254676,0,
C02944,F,Sudeste,60+,1945.33,460,183,1,0.608006,1,0.233606,0,
C02945,F,Nordeste,26-40,6678.67,736,85,1,0.929161,1,0.940107,1,
C02946,F,Sudeste,26-40,2491.38,632,47,1,0.206528,0,0.330722,0,
C02947,F,Norte,18-25,1000.0,582,0,0,0.042271,0,0.131124,0,
C02948,M,Norte,41-60,1641.23,415,144,0,0.136049,0,0.049989,0,
C02949,F,Sul,18-25,1220.34,577,9,0,0.05433,0,0.147436,0,
C02950,M,Sudeste,18-25,1000.0,461,0,0,0.006878,0,0.021783,0,
C02951,M,Nordeste,18-25,1286.83,685,72,0,0.603815,1,0.653188,1,
C02952,F,Sudeste,26-40,1461.88,624,57,0,0.259921,0,0.350669,0,
C02953,F,Nordeste,41-60,11485.79,728,152,0,0.985336,1,0.966708,1,
C02954,M,Sudeste,41-60,2484.06,523,136,0,0.314757,0,0.16043,0,
C02955,M,Sul,41-60,3159.38,666,171,1,0.938234,1,0.807266,1,
C02956,M,Nordeste,41-60,5597.03,664,161,1,0.903661,1,0.752031,1,
C02957,F,Sudeste,26-40,4032.77,741,12,1,0.345506,0,0.64712,1,
C02958,F,Sudeste,18-25,1568.37,681,0,0,0.289556,0,0.616012,1,
C02959,M,Nordeste,26-40,2483.11,523,17,0,0.03874,0,0.099767,0,
C02960,M,Sul,41-60,3152.95,523,112,0,0.498546,0,0.394008,0,
C02961,F,Sul,26-40,3903.7,652,66,0,0.442466,0,0.527211,1,
C02962,M,Sudeste,18-25,1366.0,446,0,0,0.006538,0,0.021142,0,
C02963,F,Nordeste,41-60,2585.36,527,115,0,0.341984,0,0.241843,0,
C02964,M,Sudeste,41-60,3713.25,661,152,1,0.888886,1,0.751134,1,
C02965,M,Sul,26-40,2831.43,747,91,1,0.746065,1,0.748451,1,
C02966,F,Sudeste,60+,1574.7,585,219,1,0.735199,1,0.234553,0,
C02967,F,Sudeste,41-60,4422.16,568,112,0,0.528123,1,0.423418,0,
C02968,M,Sudeste,41-60,10227.39,806,189,1,0.989164,1,0.957582,1,
C02969,F,Centro-Oeste,26-40,1000.0,300,0,0,0.002987,0,0.008801,0,
C02970,F,Nordeste,18-25,1000.0,509,0,0,0.01829,0,0.060622,0,
C02971,M,Sudeste,18-25,1425.02,783,34,0,0.436209,0,0.649573,1,
C02972,M,Sul,26-40,1881.93,479,96,0,0.162962,0,0.13286,0,
C02973,F,Sudeste,41-60,5118.55,663,125,0,0.90771,1,0.854419,1,
C02974,M,Sudeste,41-60,2689.96,497,138,0,0.366959,0,0.18845,0,
C02975,M,Sul,41-60,5413.41,678,189,1,0.975038,1,0.895268,1,
C02976,F,Sudeste,18-25,2064.73,642,23,1,0.212012,0,0.424896,0,
C02977,M,Sudeste,60+,2009.02,529,176,0,0.476342,0,0.164836,0,
C02978,M,Sul,26-40,1774.42,562,41,0,0.143349,0,0.246466,0,
C02979,F,Sudeste,60+,3932.95,533,176,0,0.815749,1,0.518083,1,
C02980,F,Nordeste,41-60,5270.81,696,168,1,0.951396,1,0.857522,1,
C02981,F,Nordeste,60+,2307.24,636,169,1,0.724451,1,0.405296,0,
C02982,F,Norte,41-60,6820.91,865,168,1,0.994472,1,0.984048,1,
C02983,M,Nordeste,26-40,1723.59,508,4,0,0.034753,0,0.109416,0,
C02984,F,Sudeste,60+,3321.02,651,198,0,0.871844,1,0.536788,1,
C02985,F,Nordeste,26-40,3369.83,459,20,0,0.054682,0,0.131128,0,
C02986,M,Sudeste,41-60,5283.33,555,108,1,0.439045,0,0.355832,0,
C02987,M,Centro-Oeste,41-60,6801.18,721,215,0,0.986819,1,0.918794,1,
C02988,M,Sudeste,26-40,1969.06,587,87,1,0.420526,0,0.41134,0,
C02989,M,Centro-Oeste,60+,2597.74,523,199,1,0.793034,1,0.382347,0,
C02990,F,Sul,60+,3277.31,770,238,1,0.993825,1,0.941883,1,
C02991,F,Sudeste,18-25,4295.97,710,26,1,0.728982,1,0.886198,1,
C02992,M,Sul,60+,1462.9,589,220,0,0.844252,1,0.381261,0,
C02993,F,Nordeste,26-40,6131.48,721,106,1,0.894077,1,0.876968,1,
C02994,F,Sudeste,18-25,1000.0,371,0,0,0.002564,0,0.007834,0,
C02995,F,Nordeste,41-60,4676.68,764,148,1,0.89924,1,0.785937,1,
C02996,F,Sudeste,41-60,2599.4,447,73,0,0.081206,0,0.088045,0,
C02997,M,Nordeste,26-40,8418.7,697,65,0,0.770141,1,0.846465,1,
C02998,F,Sudeste,26-40,3955.68,542,52,0,0.255866,0,0.375215,0,
C02999,F,Sudeste,60+,2528.97,751,204,1,0.970923,1,0.848045,1,
C03000,M,Nordeste,41-60,6138.88,700,179,1,0.973376,1,0.905576,1,
C03001,M,Sudeste,26-40,4377.15,777,81,1,0.807087,1,0.832994,1,
C03002,M,Sudeste,18-25,1354.38,511,27,0,0.101239,0,0.207287,0,
C03003,M,Sudeste,60+,4898.2,561,115,0,0.773747,1,0.693442,1,
C03004,F,Sul,26-40,1823.66,490,0,0,0.033328,0,0.106154,0,
C03005,F,Sudeste,41-60,2325.99,631,77,1,0.496719,0,0.536215,1,
C03006,M,Nordeste,60+,4355.15,752,210,0,0.985834,1,0.917428,1,
C03007,F,Norte,41-60,2387.1,606,85,1,0.468094,0,0.473304,0,
C03008,F,Centro-Oeste,26-40,3094.0,583,66,1,0.293441,0,0.367123,0,
C03009,M,Norte,41-60,4627.87,710,241,0,0.966309,1,0.723858,1,
C03010,F,Sudeste,26-40,3007.34,641,38,0,0.333124,0,0.527805,1,
C03011,M,Sudeste,26-40,1745.93,490,93,1,0.181038,0,0.154147,0,
C03012,M,Sul,60+,1675.12,642,176,1,0.790174,1,0.472276,0,
C03013,F,Nordeste,26-40,3719.92,617,28,1,0.439208,0,0.674086,1,
C03014,F,Sul,41-60,5698.6,777,134,1,0.9706,1,0.948109,1,
C03015,M,Nordeste,18-25,1100.08,566,17,0,0.025919,0,0.064983,0,
C03016,F,Nordeste,26-40,2448.48,670,0,0,0.197041,0,0.487462,0,
C03017,F,Nordeste,26-40,3414.81,628,0,1,0.256127,0,0.585932,1,
C03018,F,Nordeste,26-40,3660.37,633,46,1,0.374131,0,0.544273,1,
C03019,M,Nordeste,26-40,1797.64,478,90,1,0.074047,0,0.06151,0,
C03020,F,Norte,26-40,4285.43,532,12,0,0.128913,0,0.317353,0,
C03021,M,Sul,60+,4337.59,800,280,1,0.997884,1,0.962118,1,
C03022,M,Nordeste,41-60,3400.82,511,140,1,0.303832,0,0.148368,0,
C03023,M,Sul,26-40,1000.0,588,72,0,0.171233,0,0.191984,0,
C03024,M,Nordeste,41-60,4504.5,628,116,1,0.776485,1,0.699005,1,
C03025,F,Sudeste,41-60,2211.04,676,105,1,0.747242,1,0.693403,1,
C03026,M,Sudeste,26-40,2139.94,537,45,0,0.076787,0,0.127201,0,
C03027,F,Nordeste,26-40,3044.59,520,104,0,0.286615,0,0.220241,0,
C03028,F,Sul,26-40,3818.13,721,77,1,0.705872,1,0.754725,1,
C03029,M,Centro-Oeste,41-60,3652.45,660,163,1,0.919923,1,0.784144,1,
C03030,M,Norte,26-40,1671.91,520,83,0,0.123066,0,0.115395,0,
C03031,M,Sudeste,18-25,1882.61,599,2,0,0.064402,0,0.1958,0,
C03032,F,Sudeste,60+,4241.61,718,212,1,0.97332,1,0.846928,1,
C03033,M,Sudeste,26-40,9348.16,809,128,1,0.982846,1,0.973729,1,
C03034,M,Sudeste,26-40,2606.46,549,21,0,0.075299,0,0.176193,0,
C03035,F,Norte,18-25,1603.32,713,0,1,0.130991,0,0.364983,0,
C03036,F,Sudeste,26-40,2683.18,722,15,1,0.437266,0,0.720922,1,
C03037,F,Nordeste,60+,1334.06,554,125,0,0.391845,0,0.243739,0,
C03038,F,Sul,26-40,3441.0,585,0,0,0.186237,0,0.479407,0,
C03039,M,Nordeste,18-25,2115.09,621,24,0,0.204677,0,0.408167,0,
C03040,F,Norte,26-40,2315.03,529,11,0,0.081415,0,0.2193,0,
C03041,F,Sudeste,41-60,3427.83,601,130,1,0.742809,1,0.598059,1,
C03042,F,Nordeste,41-60,4826.27,643,157,1,0.880552,1,0.722729,1,
C03043,F,Sul,26-40,3435.89,687,71,1,0.653084,1,0.721044,1,
C03044,M,Nordeste,26-40,3228.51,649,18,0,0.198189,0,0.422052,0,
C03045,F,Sul,41-60,7449.97,739,152,1,0.962211,1,0.914102,1,
C03046,M,Sul,60+,4582.22,765,253,1,0.99475,1,0.939251,1,
C03047,M,Sudeste,26-40,4062.07,603,79,1,0.265988,0,0.28852,0,
C03048,F,Sudeste,26-40,1878.85,586,90,1,0.339426,0,0.319513,0,
C03049,F,Centro-Oeste,26-40,3043.63,551,21,0,0.096145,0,0.220942,0,
C03050,M,Sudeste,18-25,2710.9,821,63,1,0.831114,1,0.889359,1,
C03051,M,Sudeste,18-25,1299.58,607,53,1,0.20553,0,0.293687,0,
C03052,M,Nordeste,41-60,5634.95,656,118,1,0.865563,1,0.811866,1,
C03053,M,Sudeste,41-60,2215.58,600,60,1,0.34567,0,0.442704,0,
C03054,M,Sudeste,26-40,1561.63,534,70,0,0.148578,0,0.17342,0,
C03055,F,Centro-Oeste,18-25,1390.42,608,4,0,0.055515,0,0.164494,0,
C03056,M,Centro-Oeste,60+,3813.95,700,231,1,0.982495,1,0.860716,1,
C03057,F,Norte,41-60,3614.01,592,179,1,0.793229,1,0.475962,0,
C03058,M,Sudeste,18-25,4044.39,812,15,1,0.824662,1,0.944391,1,
C03059,F,Sudeste,26-40,2027.96,529,23,0,0.107594,0,0.237868,0,
C03060,F,Nordeste,18-25,1612.41,544,0,0,0.054032,0,0.166661,0,
C03061,F,Sudeste,26-40,1674.05,392,0,0,0.007176,0,0.022969,0,
C03062,M,Nordeste,18-25,1423.47,446,0,1,0.022409,0,0.073546,0,
C03063,F,Sul,18-25,2591.91,658,0,0,0.304581,0,0.64065,1,
C03064,M,Nordeste,26-40,4889.29,616,99,1,0.739697,1,0.713565,1,
C03065,M,Sudeste,26-40,1138.58,546,1,0,0.019895,0,0.063553,0,
C03066,M,Sudeste,26-40,2803.64,599,45,0,0.3417,0,0.502741,1,
C03067,M,Sudeste,41-60,6834.05,672,168,0,0.89591,1,0.717972,1,
C03068,M,Norte,26-40,3654.31,588,66,1,0.360637,0,0.444992,0,
C03069,M,Sudeste,26-40,3748.74,694,93,1,0.78937,1,0.785901,1,
C03070,F,Sudeste,41-60,7124.34,539,152,0,0.453564,0,0.228947,0,
C03071,F,Nordeste,18-25,1000.0,407,0,0,0.006926,0,0.021355,0,
C03072,F,Sul,18-25,1003.28,596,0,0,0.090425,0,0.264708,0,
C03073,M,Sudeste,41-60,3022.37,579,115,0,0.436476,0,0.320135,0,
C03074,M,Sudeste,18-25,1000.0,549,18,0,0.090445,0,0.208956,0,
C03075,F,Nordeste,41-60,4558.2,640,154,0,0.841346,1,0.650127,1,
C03076,F,Sudeste,26-40,1329.2,397,0,0,0.008868,0,0.02778,0,
C03077,F,Nordeste,26-40,1501.93,508,38,0,0.056929,0,0.101384,0,
C03078,M,Sul,18-25,1000.0,634,16,0,0.137081,0,0.312625,0,
C03079,F,Sudeste,26-40,1540.24,628,30,0,0.275508,0,0.474692,0,
C03080,M,Sudeste,26-40,2242.15,439,7,0,0.018965,0,0.055853,0,
C03081,M,Nordeste,26-40,3618.37,667,83,0,0.396864,0,0.413996,0,
C03082,F,Sudeste,41-60,5552.7,826,196,1,0.994393,1,0.974044,1,
C03083,M,Norte,41-60,8443.83,673,134,1,0.946882,1,0.906504,1,
C03084,M,Nordeste,26-40,4782.46,655,86,0,0.525629,1,0.548621,1,
C03085,F,Sul,60+,1523.23,531,198,0,0.612998,1,0.191372,0,
C03086,F,Sudeste,18-25,2404.21,566,0,0,0.067929,0,0.219489,0,
C03087,F,Centro-Oeste,26-40,3708.48,677,87,1,0.78042,1,0.791337,1,
C03088,F,Nordeste,41-60,10599.18,747,188,1,0.992386,1,0.96959,1,
C03089,F,Sul,41-60,3307.74,640,165,0,0.611817,1,0.310628,0,
C03090,M,Nordeste,41-60,7570.01,726,127,1,0.897009,1,0.836663,1,
C03091,M,Sudeste,41-60,1699.94,426,123,0,0.071403,0,0.034909,0,
C03092,M,Sudeste,41-60,3252.18,685,185,1,0.933525,1,0.758394,1,
C03093,F,Sul,18-25,4143.72,769,16,1,0.628617,1,0.855043,1,
C03094,M,Sudeste,26-40,2356.05,609,131,0,0.439567,0,0.268601,0,
C03095,M,Sul,41-60,5828.58,593,137,1,0.83717,1,0.712331,1,
C03096,F,Nordeste,41-60,2493.01,528,149,0,0.421403,0,0.198207,0,
C03097,F,Sudeste,60+,2629.41,610,188,0,0.748425,1,0.36289,0,
C03098,F,Centro-Oeste,26-40,4931.51,714,48,1,0.727487,1,0.846865,1,
C03099,M,Sudeste,26-40,1569.87,402,0,0,0.007399,0,0.023652,0,
C03100,F,Sudeste,60+,5777.77,756,206,1,0.977868,1,0.885402,1,
C03101,M,Sudeste,26-40,6250.98,713,93,1,0.899655,1,0.902767,1,
C03102,F,Nordeste,26-40,3956.3,565,82,1,0.353618,0,0.363557,0,
C03103,M,Norte,26-40,4945.1,537,60,0,0.397873,0,0.50848,1,
C03104,M,Nordeste,41-60,5476.92,625,162,1,0.895471,1,0.737141,1,
C03105,M,Sudeste,26-40,5650.02,717,107,1,0.90966,1,0.892369,1,
C03106,M,Centro-Oeste,41-60,2238.68,481,142,0,0.26067,0,0.114512,0,
C03107,F,Centro-Oeste,26-40,1245.92,574,25,0,0.044422,0,0.097951,0,
C03108,F,Sudeste,41-60,3533.21,436,145,1,0.233061,0,0.097665,0,
C03109,F,Sudeste,41-60,7930.26,666,172,0,0.97011,1,0.90539,1,
C03110,F,Sudeste,18-25,1488.39,732,17,0,0.318639,0,0.589411,1,
C03111,F,Norte,26-40,6220.16,751,94,1,0.959981,1,0.961413,1,
C03112,F,Nordeste,18-25,2552.61,820,57,1,0.893904,1,0.937686,1,
C03113,F,Sudeste,26-40,4120.95,772,90,1,0.908554,1,0.914597,1,
C03114,F,Nordeste,26-40,5029.75,620,56,0,0.438033,0,0.563715,1,
C03115,M,Norte,41-60,3355.51,617,88,1,0.379596,0,0.370118,0,
C03116,M,Nordeste,26-40,4804.68,619,68,0,0.364201,0,0.438597,0,
C03117,F,Sul,26-40,3108.66,690,49,1,0.402303,0,0.565329,1,
C03118,M,Sudeste,41-60,6807.03,669,139,1,0.929485,1,0.866346,1,
C03119,F,Norte,18-25,1547.82,584,0,0,0.13493,0,0.368589,0,
C03120,M,Norte,41-60,6277.27,673,156,0,0.935346,1,0.843831,1,
C03121,F,Sul,41-60,3386.48,744,134,1,0.74174,1,0.58657,1,
C03122,M,Norte,41-60,4258.99,675,159,1,0.86682,1,0.691415,1,
C03123,M,Sudeste,26-40,3268.18,589,60,1,0.381224,0,0.488252,0,
C03124,M,Sudeste,26-40,3908.9,620,41,0,0.413375,0,0.603659,1,
C03125,M,Sudeste,26-40,2246.65,589,57,0,0.308007,0,0.411386,0,
C03126,M,Nordeste,41-60,6604.65,765,175,1,0.982762,1,0.943113,1,
C03127,F,Nordeste,18-25,1000.0,526,0,0,0.027359,0,0.085492,0,
C03128,M,Nordeste,26-40,3630.66,541,50,0,0.264866,0,0.391823,0,
C03129,M,Sudeste,41-60,1918.19,568,112,1,0.39276,0,0.292698,0,
C03130,M,Sul,41-60,7964.15,736,154,1,0.979944,1,0.952087,1,
C03131,M,Nordeste,41-60,4314.53,674,211,1,0.974848,1,0.853999,1,
C03132,M,Sudeste,41-60,5053.63,811,134,1,0.964729,1,0.938406,1,
C03133,M,Nordeste,26-40,2593.15,558,9,0,0.147604,0,0.367418,0,
C03134,F,Sudeste,18-25,1924.32,660,4,1,0.156303,0,0.408174,0,
C03135,F,Nordeste,41-60,2302.53,489,87,0,0.122603,0,0.109928,0,
C03136,F,Nordeste,18-25,1861.96,661,0,0,0.180665,0,0.465966,0,
C03137,F,Sudeste,41-60,3413.21,498,95,0,0.203477,0,0.171488,0,
C03138,F,Nordeste,26-40,3071.4,545,20,0,0.208585,0,0.428199,0,
C03139,F,Sudeste,26-40,1036.35,410,0,0,0.009941,0,0.032116,0,
C03140,F,Sudeste,41-60,5459.73,786,114,1,0.960906,1,0.949235,1,
C03141,M,Sudeste,26-40,3220.57,554,0,0,0.137698,0,0.386036,0,
C03142,M,Sul,18-25,1281.45,557,33,0,0.136842,0,0.254177,0,
C03143,F,Norte,26-40,2067.53,612,0,0,0.074777,0,0.230506,0,
C03144,F,Norte,18-25,1504.83,621,0,0,0.099167,0,0.295152,0,
C03145,F,Sul,41-60,5730.16,754,176,1,0.956962,1,0.855981,1,
C03146,F,Nordeste,41-60,6443.0,709,144,1,0.822454,1,0.670242,1,
C03147,M,Sul,41-60,3718.75,705,127,1,0.933602,1,0.88972,1,
C03148,M,Nordeste,41-60,2423.67,577,144,0,0.667372,1,0.442133,0,
C03149,M,Sudeste,18-25,1609.38,700,50,1,0.432907,0,0.566752,1,
C03150,M,Nordeste,26-40,3496.05,582,59,0,0.298948,0,0.390177,0,
C03151,F,Centro-Oeste,41-60,7258.3,811,164,1,0.989025,1,0.969892,1,
C03152,F,Sul,26-40,3424.97,666,81,1,0.752716,1,0.779115,1,
C03153,M,Sul,18-25,1309.57,616,36,0,0.19881,0,0.344311,0,
C03154,F,Sudeste,26-40,3286.08,659,70,1,0.639764,1,0.708685,1,
C03155,F,Sudeste,60+,2482.87,654,158,1,0.822662,1,0.604611,1,
C03156,M,Nordeste,41-60,3561.04,539,123,0,0.60373,1,0.460298,0,
C03157,F,Sudeste,41-60,2653.36,589,122,1,0.516864,1,0.378024,0,
C03158,M,Sul,41-60,6009.82,513,175,0,0.883173,1,0.657299,1,
C03159,F,Norte,26-40,2433.4,704,66,1,0.747395,1,0.811335,1,
C03160,F,Sudeste,60+,1710.55,640,200,1,0.801511,1,0.38432,0,
C03161,M,Sudeste,41-60,4781.44,660,110,1,0.805795,1,0.757132,1,
C03162,M,Sudeste,18-25,1465.34,573,0,0,0.03723,0,0.119894,0,
C03163,M,Sudeste,18-25,2511.95,663,0,1,0.237578,0,0.559092,1,
C03164,F,Nordeste,26-40,1360.3,640,102,1,0.528096,1,0.457656,0,
C03165,M,Nordeste,26-40,3778.99,683,43,1,0.516828,1,0.697473,1,
C03166,M,Centro-Oeste,41-60,10581.68,836,203,1,0.994527,1,0.97344,1,
C03167,F,Sudeste,41-60,4564.41,614,122,1,0.729934,1,0.608356,1,
C03168,M,Sudeste,41-60,5695.22,715,133,1,0.947088,1,0.906996,1,
C03169,M,Sudeste,26-40,2898.34,598,64,0,0.332588,0,0.418514,0,
C03170,F,Nordeste,26-40,8833.49,709,52,1,0.788671,1,0.884087,1,
C03171,F,Norte,26-40,4734.7,567,57,0,0.350296,0,0.472389,0,
C03172,F,Sudeste,41-60,3869.62,548,124,1,0.403885,0,0.264386,0,
C03173,M,Centro-Oeste,26-40,2209.41,546,63,0,0.150281,0,0.19004,0,
C03174,F,Centro-Oeste,26-40,2218.79,620,41,0,0.226149,0,0.375095,0,
C03175,F,Sudeste,60+,4458.22,582,143,0,0.536297,1,0.318626,0,
C03176,M,Sudeste,26-40,2393.0,650,57,1,0.365608,0,0.484194,0,
C03177,F,Nordeste,26-40,3532.67,631,45,0,0.363414,0,0.535732,1,
C03178,M,Sul,41-60,4484.02,617,130,0,0.840715,1,0.737426,1,
C03179,F,Sul,18-25,1000.0,405,6,0,0.008974,0,0.025086,0,
C03180,M,Nordeste,26-40,4050.25,812,105,1,0.8826,1,0.86092,1,
C03181,F,Nordeste,26-40,3628.04,658,14,1,0.334513,0,0.628086,1,
C03182,F,Sudeste,18-25,1394.55,538,0,0,0.051065,0,0.163117,0,
C03183,M,Nordeste,18-25,1000.0,498,0,0,0.051775,0,0.158304,0,
C03184,M,Sudeste,26-40,4171.69,684,37,1,0.532372,1,0.731504,1,
C03185,F,Sul,26-40,1746.75,519,0,0,0.057082,0,0.181411,0,
C03186,M,Centro-Oeste,41-60,2494.12,580,95,0,0.271703,0,0.234505,0,
C03187,F,Nordeste,18-25,1926.8,643,0,0,0.244401,0,0.559898,1,
C03188,M,Sudeste,26-40,2758.52,620,97,0,0.446922,0,0.410349,0,
C03189,F,Sudeste,18-25,1478.67,678,32,0,0.343673,0,0.551944,1,
C03190,M,Nordeste,41-60,4083.9,564,115,1,0.631883,1,0.528002,1,
C03191,F,Sul,26-40,3249.59,676,77,0,0.640612,1,0.687663,1,
C03192,M,Sul,41-60,2486.67,477,81,0,0.217916,0,0.221792,0,
C03193,F,Nordeste,60+,7387.19,727,161,1,0.964184,1,0.906427,1,
C03194,M,Sudeste,41-60,2096.34,542,71,0,0.115248,0,0.131324,0,
C03195,F,Sudeste,41-60,5717.05,557,114,0,0.611912,1,0.51744,1,
C03196,F,Sul,26-40,5875.1,750,61,1,0.822577,1,0.889921,1,
C03197,F,Sudeste,26-40,2115.86,680,37,1,0.210301,0,0.362696,0,
C03198,M,Nordeste,26-40,2191.76,665,123,0,0.732563,1,0.610102,1,
C03199,M,Sul,26-40,3183.56,589,45,0,0.385128,0,0.551126,1,
C03200,M,Sudeste,18-25,2810.7,675,0,1,0.259752,0,0.592048,1,
C03201,F,Nordeste,26-40,2670.16,696,89,1,0.725203,1,0.727827,1,
C03202,M,Nordeste,26-40,3908.42,626,74,1,0.547329,1,0.608244,1,
C03203,M,Norte,41-60,2547.39,496,118,0,0.296812,0,0.195393,0,
C03204,F,Sudeste,26-40,1967.29,679,114,0,0.464731,0,0.351826,0,
C03205,M,Nordeste,26-40,3309.21,774,86,1,0.830566,1,0.846756,1,
C03206,F,Nordeste,60+,6568.82,752,205,1,0.991057,1,0.952101,1,
C03207,F,Sudeste,26-40,6367.27,699,33,1,0.526694,1,0.73859,1,
C03208,M,Nordeste,18-25,1644.88,678,0,0,0.275389,0,0.600012,1,
C03209,F,Norte,60+,1643.57,393,172,0,0.109862,0,0.025487,0,
C03210,M,Nordeste,26-40,1913.17,606,52,0,0.398647,0,0.528376,1,
C03211,M,Nordeste,18-25,2352.69,715,16,1,0.212494,0,0.452663,0,
C03212,F,Sul,18-25,1763.67,651,2,1,0.211431,0,0.50437,1,
C03213,F,Sudeste,60+,2502.88,612,189,0,0.678036,1,0.283409,0,
C03214,F,Norte,26-40,4644.21,655,3,0,0.377178,0,0.712101,1,
C03215,M,Sudeste,60+,2546.01,561,186,1,0.828783,1,0.494481,0,
C03216,M,Norte,41-60,3761.12,618,92,0,0.441226,0,0.418402,0,
C03217,F,Norte,41-60,9314.23,751,146,1,0.975256,1,0.948977,1,
C03218,F,Sudeste,60+,6151.66,747,253,1,0.993916,1,0.931334,1,
C03219,F,Sudeste,18-25,2707.7,734,0,1,0.37609,0,0.71912,1,
C03220,F,Sul,60+,2256.59,517,132,0,0.19889,0,0.0981,0,
C03221,M,Nordeste,26-40,4979.84,676,131,1,0.878474,1,0.797486,1,
C03222,M,Nordeste,41-60,3149.71,514,147,0,0.544469,1,0.308641,0,
C03223,F,Sul,18-25,1977.0,689,13,0,0.359904,0,0.648627,1,
C03224,M,Sudeste,41-60,3573.06,553,99,1,0.301399,0,0.253032,0,
C03225,M,Sul,41-60,7249.33,695,200,1,0.980581,1,0.905752,1,
C03226,F,Nordeste,60+,4946.92,654,190,1,0.958213,1,0.828769,1,
C03227,M,Sul,41-60,6875.84,651,158,1,0.917062,1,0.799555,1,
C03228,M,Sudeste,26-40,1944.6,656,51,0,0.434817,0,0.575719,1,
C03229,F,Sudeste,41-60,6649.16,696,125,1,0.794455,1,0.695509,1,
C03230,M,Sudeste,41-60,5162.58,745,217,1,0.989128,1,0.929341,1,
C03231,F,Sudeste,26-40,3701.23,637,60,1,0.649054,1,0.747969,1,
C03232,M,Sudeste,18-25,1000.0,511,0,1,0.033473,0,0.107207,0,
C03233,M,Sudeste,41-60,3759.26,500,121,0,0.273201,0,0.169131,0,
C03234,M,Sudeste,26-40,2594.13,661,118,0,0.704942,1,0.599532,1,
C03235,M,Sul,41-60,11045.97,749,232,1,0.99482,1,0.95915,1,
C03236,F,Sudeste,41-60,2148.79,400,79,0,0.056106,0,0.053623,0,
C03237,F,Nordeste,26-40,1438.29,477,17,0,0.046335,0,0.115539,0,
C03238,M,Sudeste,18-25,1489.74,689,77,1,0.594434,1,0.629455,1,
C03239,F,Norte,41-60,7035.77,737,85,1,0.912534,1,0.9262,1,
C03240,M,Nordeste,26-40,1865.82,481,26,0,0.034227,0,0.074589,0,
C03241,F,Sudeste,60+,3588.99,647,195,1,0.892391,1,0.598214,1,
C03242,M,Sul,26-40,3163.6,664,67,1,0.560971,1,0.647142,1,
C03243,M,Sudeste,18-25,1000.0,530,35,0,0.03792,0,0.070039,0,
C03244,F,Nordeste,41-60,7591.49,667,124,1,0.885847,1,0.830066,1,
C03245,M,Sudeste,26-40,3956.18,636,91,0,0.60507,1,0.601819,1,
C03246,F,Sudeste,26-40,2701.84,545,0,0,0.041472,0,0.137023,0,
C03247,F,Sudeste,41-60,9085.28,577,110,0,0.554284,1,0.474468,0,
C03248,M,Sudeste,18-25,1731.11,924,110,1,0.967739,1,0.959212,1,
C03249,F,Nordeste,26-40,5144.6,704,34,1,0.641869,1,0.822404,1,
C03250,M,Sul,26-40,3238.75,619,47,1,0.396808,0,0.559543,1,
C03251,M,Centro-Oeste,18-25,1490.1,667,41,0,0.178472,0,0.29547,0,
C03252,F,Sudeste,18-25,1344.28,640,0,1,0.166761,0,0.432108,0,
C03253,F,Nordeste,41-60,4598.72,818,190,1,0.990168,1,0.958247,1,
C03254,M,Sudeste,26-40,3728.85,750,87,1,0.869518,1,0.880707,1,
C03255,F,Nordeste,18-25,1865.06,432,0,0,0.015897,0,0.051358,0,
C03256,F,Sudeste,60+,2068.24,679,201,1,0.933224,1,0.698741,1,
C03257,M,Sul,18-25,1110.93,858,86,1,0.808273,1,0.818007,1,
C03258,M,Sudeste,41-60,5484.56,764,141,1,0.939081,1,0.88315,1,
C03259,F,Sudeste,41-60,4928.56,703,107,1,0.926415,1,0.910452,1,
C03260,F,Nordeste,60+,2774.09,473,142,0,0.18967,0,0.080182,0,
C03261,M,Sudeste,41-60,4085.51,626,172,1,0.917276,1,0.751115,1,
C03262,M,Sudeste,18-25,2316.32,730,0,1,0.393548,0,0.730619,1,
C03263,M,Norte,18-25,4104.03,706,45,1,0.682574,1,0.820678,1,
C03264,F,Nordeste,26-40,2315.32,580,24,1,0.203256,0,0.403005,0,
C03265,F,Nordeste,41-60,4489.94,674,202,1,0.950155,1,0.769079,1,
C03266,F,Sudeste,26-40,3140.41,597,24,1,0.370761,0,0.617803,1,
C03267,F,Sudeste,18-25,2122.87,691,32,1,0.488656,0,0.700416,1,
C03268,F,Sul,41-60,9636.44,703,71,1,0.913732,1,0.941481,1,
C03269,F,Sul,26-40,1569.45,626,56,0,0.29076,0,0.392185,0,
C03270,M,Centro-Oeste,41-60,8869.83,772,218,1,0.995501,1,0.971027,1,
C03271,F,Sudeste,26-40,2212.8,691,58,1,0.573794,1,0.686348,1,
C03272,F,Sudeste,60+,1828.99,521,155,0,0.514504,1,0.249897,0,
C03273,M,Nordeste,18-25,1000.0,654,18,1,0.214569,0,0.433566,0,
C03274,F,Sul,26-40,1222.16,486,28,0,0.032882,0,0.067419,0,
C03275,F,Nordeste,41-60,2099.54,567,116,0,0.513193,1,0.389441,0,
C03276,F,Sudeste,26-40,4449.76,612,24,0,0.483857,0,0.727819,1,
C03277,M,Nordeste,60+,5121.15,794,255,1,0.997091,1,0.965243,1,
C03278,M,Sul,26-40,1912.3,657,72,1,0.301424,0,0.34133,0,
C03279,M,Nordeste,26-40,3930.82,641,58,1,0.562786,1,0.68235,1,
C03280,F,Norte,26-40,1697.0,637,38,0,0.307032,0,0.484462,0,
C03281,M,Sudeste,41-60,2232.9,534,97,0,0.320253,0,0.275936,0,
C03282,M,Sudeste,26-40,4196.0,691,110,1,0.90623,1,0.879376,1,
C03283,M,Sudeste,26-40,1931.17,581,88,0,0.3873,0,0.373518,0,
C03284,M,Norte,41-60,4872.03,837,259,1,0.994148,1,0.925942,1,
C03285,F,Sudeste,26-40,2489.57,638,40,1,0.374541,0,0.560294,1,
C03286,F,Norte,18-25,2683.78,752,12,1,0.587359,1,0.834412,1,
C03287,F,Sudeste,41-60,5393.92,609,84,0,0.614938,1,0.641031,1,
C03288,M,Sul,26-40,6673.12,684,66,0,0.786914,1,0.853343,1,
C03289,F,Sudeste,41-60,5855.17,698,146,1,0.952083,1,0.897474,1,
C03290,M,Norte,60+,3165.71,623,185,0,0.773877,1,0.412943,0,
C03291,F,Nordeste,41-60,2887.31,396,80,0,0.028891,0,0.027811,0,
C03292,F,Sudeste,41-60,5019.29,738,144,1,0.972764,1,0.942353,1,
C03293,F,Sudeste,18-25,1173.6,689,41,1,0.388557,0,0.560711,1,
C03294,F,Sul,26-40,3538.35,653,57,1,0.557536,1,0.680436,1,
C03295,M,Sudeste,26-40,4529.06,723,106,1,0.872805,1,0.849499,1,
C03296,F,Sul,41-60,2352.46,479,69,0,0.188771,0,0.222883,0,
C03297,M,Sudeste,26-40,5927.37,865,132,1,0.985113,1,0.975413,1,
C03298,F,Nordeste,26-40,1741.61,501,26,0,0.055039,0,0.12266,0,
C03299,F,Norte,18-25,1141.1,546,0,0,0.026546,0,0.084792,0,
C03300,F,Sudeste,26-40,2166.11,561,88,0,0.157097,0,0.143284,0,
C03301,M,Sudeste,26-40,3412.82,532,15,0,0.077315,0,0.19736,0,
C03302,F,Sudeste,41-60,3792.33,771,166,1,0.971326,1,0.915558,1,
C03303,M,Centro-Oeste,26-40,3409.9,716,82,1,0.774156,1,0.800338,1,
C03304,M,Centro-Oeste,41-60,1607.27,377,99,0,0.021896,0,0.014739,0,
C03305,F,Nordeste,26-40,1685.94,605,45,0,0.097304,0,0.160622,0,
C03306,F,Nordeste,26-40,4709.64,699,34,0,0.513763,1,0.719869,1,
C03307,M,Sudeste,41-60,6457.62,671,112,1,0.860656,1,0.822848,1,
C03308,F,Nordeste,41-60,2176.36,529,83,0,0.189697,0,0.182914,0,
C03309,M,Sudeste,18-25,1898.4,698,0,1,0.309112,0,0.643767,1,
C03310,F,Sudeste,18-25,1492.23,703,14,0,0.440925,0,0.714488,1,
C03311,F,Sul,41-60,2794.58,535,103,1,0.440924,0,0.371911,0,
C03312,F,Nordeste,26-40,2910.04,474,51,0,0.088902,0,0.139945,0,
C03313,F,Sudeste,41-60,6062.4,683,126,0,0.929652,1,0.888407,1,
C03314,M,Sudeste,26-40,2391.34,598,112,1,0.536268,1,0.433845,0,
C03315,F,Sul,41-60,3368.72,662,177,1,0.922293,1,0.749159,1,
C03316,M,Nordeste,26-40,5944.65,615,99,1,0.517029,1,0.475919,0,
C03317,F,Nordeste,41-60,4334.92,693,137,0,0.922619,1,0.854704,1,
C03318,F,Nordeste,26-40,2586.1,570,10,0,0.122748,0,0.317243,0,
C03319,F,Sudeste,41-60,7962.9,653,202,1,0.965088,1,0.827173,1,
C03320,F,Sul,26-40,10726.06,737,76,0,0.914992,1,0.939445,1,
C03321,M,Sudeste,26-40,3271.04,598,29,0,0.36586,0,0.594835,1,
C03322,F,Sudeste,26-40,3136.99,653,24,1,0.509281,1,0.745478,1,
C03323,F,Norte,18-25,1851.77,712,0,1,0.344118,0,0.680462,1,
C03324,M,Norte,41-60,2437.9,688,167,0,0.847144,1,0.616656,1,
C03325,F,Sudeste,41-60,5013.5,626,142,1,0.864032,1,0.73932,1,
C03326,M,Norte,26-40,2866.16,503,77,0,0.320669,0,0.345556,0,
C03327,F,Sudeste,41-60,1687.38,615,187,1,0.796887,1,0.435939,0,
C03328,M,Sudeste,18-25,1768.23,584,8,0,0.074318,0,0.203042,0,
C03329,F,Nordeste,26-40,3051.87,567,25,0,0.070508,0,0.160649,0,
C03330,F,Sudeste,41-60,3248.43,724,92,1,0.789793,1,0.78937,1,
C03331,F,Nordeste,60+,3812.62,674,170,1,0.922328,1,0.772583,1,
C03332,F,Sudeste,41-60,2313.74,553,183,0,0.733042,1,0.364923,0,
C03333,M,Sudeste,26-40,5009.79,601,54,1,0.488218,0,0.629485,1,
C03334,F,Nordeste,26-40,1760.36,394,20,0,0.011151,0,0.026148,0,
C03335,M,Sudeste,26-40,2930.38,521,39,0,0.212131,0,0.357593,0,
C03336,F,Sudeste,18-25,2859.94,768,45,1,0.775636,1,0.880237,1,
C03337,F,Sudeste,26-40,2867.12,672,55,1,0.609297,1,0.729366,1,
C03338,F,Sudeste,26-40,8488.18,872,135,1,0.992109,1,0.986754,1,
C03339,M,Sudeste,26-40,4640.6,616,57,0,0.530228,1,0.657306,1,
C03340,M,Centro-Oeste,41-60,5201.83,617,115,1,0.838486,1,0.780317,1,
C03341,M,Norte,18-25,1051.2,479,7,1,0.023474,0,0.068652,0,
C03342,M,Sul,41-60,2595.34,637,106,0,0.730414,1,0.669873,1,
C03343,M,Sudeste,26-40,2479.88,671,84,0,0.665862,1,0.681949,1,
C03344,F,Sudeste,26-40,3923.4,607,69,0,0.540483,1,0.618313,1,
C03345,M,Sul,18-25,2290.68,620,35,0,0.352515,0,0.552274,1,
C03346,M,Sudeste,18-25,2680.58,693,59,0,0.521419,1,0.628059,1,
C03347,F,Nordeste,26-40,3344.37,578,12,1,0.215766,0,0.476304,0,
C03348,F,Sudeste,26-40,2643.11,650,71,1,0.487238,0,0.555659,1,
C03349,F,Sudeste,18-25,1417.22,557,0,0,0.081546,0,0.245383,0,
C03350,M,Sul,26-40,1762.69,432,67,0,0.032035,0,0.036707,0,
C03351,M,Sudeste,18-25,1000.0,621,24,0,0.157752,0,0.319354,0,
C03352,M,Nordeste,60+,3537.31,537,207,1,0.904977,1,0.583905,1,
C03353,F,Nordeste,26-40,1834.7,613,0,0,0.074461,0,0.227886,0,
C03354,F,Sudeste,41-60,4348.54,573,178,1,0.5627,1,0.228692,0,
C03355,M,Nordeste,41-60,4116.27,596,124,1,0.70812,1,0.582296,1,
C03356,M,Nordeste,26-40,2594.98,601,80,1,0.273976,0,0.285102,0,
C03357,F,Nordeste,41-60,14553.73,821,171,1,0.989268,1,0.969282,1,
C03358,M,Sudeste,26-40,4665.76,582,20,0,0.434674,0,0.698023,1,
C03359,F,Sudeste,60+,1047.56,367,154,0,0.052493,0,0.014588,0,
C03360,F,Nordeste,18-25,1826.79,593,0,0,0.106744,0,0.313205,0,
C03361,M,Sudeste,60+,3679.76,635,214,0,0.948009,1,0.717183,1,
C03362,M,Sudeste,41-60,6255.56,611,176,1,0.844213,1,0.575874,1,
C03363,M,Centro-Oeste,60+,1739.61,479,153,0,0.300957,0,0.119831,0,
C03364,M,Sudeste,41-60,5102.86,570,143,1,0.81662,1,0.655691,1,
C03365,F,Nordeste,18-25,1468.82,511,28,0,0.053172,0,0.114459,0,
C03366,M,Nordeste,18-25,1899.12,550,0,1,0.104245,0,0.303649,0,
C03367,F,Sul,26-40,2042.97,658,21,0,0.329214,0,0.583534,1,
C03368,M,Sudeste,41-60,5729.19,580,135,0,0.801689,1,0.665942,1,
C03369,M,Nordeste,41-60,2765.87,549,145,1,0.37317,0,0.180101,0,
C03370,F,Nordeste,60+,2678.43,705,222,0,0.972202,1,0.811809,1,
C03371,F,Sul,41-60,3914.72,784,169,1,0.979033,1,0.935007,1,
C03372,F,Sudeste,26-40,2840.76,770,41,1,0.739267,1,0.865335,1,
C03373,M,Sudeste,26-40,3798.75,763,102,1,0.90066,1,0.88867,1,
C03374,F,Sudeste,41-60,4627.2,614,134,1,0.807447,1,0.677084,1,
C03375,M,Norte,18-25,2454.36,632,27,1,0.445418,0,0.676544,1,
C03376,M,Sul,26-40,3410.79,555,81,0,0.285776,0,0.304632,0,
C03377,M,Sudeste,26-40,2175.25,581,23,0,0.080338,0,0.181845,0,
C03378,M,Sudeste,41-60,4357.69,559,147,1,0.798482,1,0.609232,1,
C03379,M,Nordeste,41-60,3733.67,629,163,1,0.860688,1,0.658348,1,
C03380,M,Sudeste,18-25,3146.01,798,62,1,0.820568,1,0.883754,1,
C03381,F,Sudeste,26-40,2974.01,530,0,1,0.039974,0,0.132669,0,
C03382,M,Sul,60+,2377.19,689,214,1,0.960481,1,0.769581,1,
C03383,F,Nordeste,41-60,5592.14,482,47,0,0.315997,0,0.466427,0,
C03384,F,Nordeste,60+,3249.5,622,240,0,0.97198,1,0.75827,1,
C03385,F,Norte,60+,1986.17,595,113,0,0.525072,1,0.414535,0,
C03386,F,Centro-Oeste,26-40,5487.03,600,21,1,0.203718,0,0.436681,0,
C03387,M,Nordeste,18-25,1000.0,385,9,0,0.013154,0,0.036223,0,
C03388,M,Centro-Oeste,18-25,1015.74,534,0,0,0.036043,0,0.116103,0,
C03389,F,Sudeste,26-40,2737.66,496,0,1,0.064463,0,0.206105,0,
C03390,F,Nordeste,60+,6917.19,752,216,1,0.982544,1,0.894939,1,
C03391,M,Sul,41-60,3455.34,677,182,1,0.947857,1,0.81015,1,
C03392,M,Nordeste,26-40,3481.87,622,55,0,0.361206,0,0.479769,0,
C03393,F,Sudeste,41-60,5687.03,641,39,0,0.533692,1,0.717462,1,
C03394,F,Sudeste,26-40,5999.63,763,86,1,0.901837,1,0.915718,1,
C03395,M,Norte,26-40,1404.2,589,46,1,0.150097,0,0.231409,0,
C03396,F,Norte,41-60,5821.26,493,118,0,0.306997,0,0.206835,0,
C03397,M,Sudeste,26-40,2541.44,593,20,0,0.130244,0,0.289621,0,
C03398,M,Sul,41-60,5988.05,707,153,1,0.94942,1,0.881642,1,
C03399,F,Centro-Oeste,26-40,2241.64,805,81,0,0.851731,1,0.873027,1,
C03400,M,Sudeste,60+,3651.09,629,215,1,0.947903,1,0.712748,1,
C03401,F,Norte,26-40,5711.84,706,90,1,0.86149,1,0.869735,1,
C03402,M,Centro-Oeste,26-40,4954.63,519,77,0,0.23495,0,0.257103,0,
C03403,F,Norte,41-60,9527.88,753,150,1,0.970909,1,0.936813,1,
C03404,F,Sudeste,41-60,3549.58,534,95,1,0.185522,0,0.158693,0,
C03405,M,Norte,41-60,7369.47,732,148,1,0.979071,1,0.953999,1,
C03406,M,Sudeste,60+,3318.23,723,218,0,0.981108,1,0.875342,1,
C03407,M,Nordeste,18-25,2678.1,661,52,1,0.516227,1,0.65653,1,
C03408,M,Sudeste,41-60,2957.07,637,217,1,0.9198,1,0.586759,1,
C03409,M,Sudeste,41-60,4803.29,712,160,1,0.946213,1,0.85994,1,
C03410,M,Sul,18-25,1392.35,618,34,1,0.168721,0,0.308566,0,
C03411,M,Sudeste,26-40,5781.39,640,28,1,0.390784,0,0.640716,1,
C03412,F,Sudeste,18-25,2643.94,669,16,1,0.334798,0,0.615535,1,
C03413,F,Nordeste,26-40,7401.03,693,89,1,0.831038,1,0.845076,1,
C03414,F,Sudeste,26-40,3864.01,618,60,0,0.569208,1,0.678258,1,
C03415,F,Nordeste,26-40,3260.25,614,31,1,0.153715,0,0.300343,0,
C03416,F,Nordeste,18-25,1749.35,609,0,1,0.088725,0,0.271739,0,
C03417,F,Sudeste,41-60,6775.56,637,165,1,0.856875,1,0.645768,1,
C03418,M,Nordeste,18-25,3034.16,678,70,1,0.315845,0,0.376178,0,
C03419,F,Sudeste,26-40,3301.15,533,0,0,0.085147,0,0.266533,0,
C03420,M,Nordeste,26-40,3688.27,491,79,1,0.281499,0,0.301516,0,
C03421,F,Sudeste,26-40,3791.42,621,45,1,0.350584,0,0.522127,1,
C03422,M,Nordeste,41-60,2713.2,660,163,1,0.848261,1,0.632496,1,
C03423,F,Sudeste,41-60,4383.22,504,63,0,0.205052,0,0.272499,0,
C03424,M,Nordeste,18-25,2104.34,559,11,0,0.09109,0,0.242277,0,
C03425,F,Nordeste,41-60,2740.91,556,111,0,0.316794,0,0.227372,0,
C03426,M,Sudeste,18-25,2460.53,921,91,1,0.953198,1,0.956984,1,
C03427,F,Sudeste,41-60,3874.06,582,150,0,0.844937,1,0.671759,1,
C03428,M,Sul,26-40,3299.87,749,114,1,0.902391,1,0.868354,1,
C03429,M,Sudeste,41-60,2665.29,523,111,0,0.280444,0,0.195258,0,
C03430,M,Sudeste,18-25,2920.07,726,45,1,0.610952,1,0.766049,1,
C03431,M,Sudeste,26-40,3802.21,585,92,0,0.57089,1,0.5564,1,
C03432,M,Nordeste,18-25,2745.21,807,61,1,0.864029,1,0.914166,1,
C03433,M,Centro-Oeste,26-40,2774.14,608,72,0,0.462524,0,0.522884,1,
C03434,M,Centro-Oeste,18-25,1333.8,476,0,0,0.022318,0,0.073903,0,
C03435,F,Sudeste,26-40,2362.49,522,27,1,0.152267,0,0.305963,0,
C03436,F,Nordeste,60+,2287.0,701,194,0,0.952237,1,0.79049,1,
C03437,F,Sudeste,41-60,4147.09,663,125,1,0.846532,1,0.763578,1,
C03438,M,Sul,26-40,9030.06,838,152,1,0.992761,1,0.983955,1,
C03439,M,Sudeste,41-60,4976.3,474,103,0,0.319415,0,0.264624,0,
C03440,F,Sudeste,41-60,6397.58,719,145,1,0.971462,1,0.939481,1,
C03441,M,Nordeste,41-60,4979.47,595,161,1,0.891309,1,0.727013,1,
C03442,M,Nordeste,18-25,1000.0,562,26,0,0.120526,0,0.244006,0,
C03443,F,Sudeste,60+,2278.69,527,195,0,0.784808,1,0.383366,0,
C03444,M,Sudeste,41-60,2016.6,543,141,1,0.595547,1,0.370962,0,
C03445,F,Nordeste,41-60,5781.9,723,116,1,0.902413,1,0.869017,1,
C03446,F,Sudeste,18-25,1000.0,546,0,0,0.01178,0,0.03848,0,
C03447,F,Sudeste,26-40,4113.95,474,25,0,0.105574,0,0.234769,0,
C03448,M,Sudeste,26-40,10111.62,776,104,1,0.967029,1,0.964915,1,
C03449,F,Centro-Oeste,26-40,4467.38,639,78,1,0.729556,1,0.768094,1,
C03450,F,Nordeste,41-60,1776.05,563,113,0,0.467691,0,0.354035,0,
C03451,M,Nordeste,41-60,4252.55,520,134,1,0.470117,0,0.285346,0,
C03452,M,Norte,26-40,2729.98,623,85,1,0.279315,0,0.277634,0,
C03453,M,Norte,18-25,1227.2,563,0,0,0.059351,0,0.1862,0,
C03454,M,Sudeste,26-40,2088.19,519,60,1,0.163372,0,0.218938,0,
C03455,F,Nordeste,60+,3844.65,577,145,1,0.737199,1,0.532034,1,
C03456,M,Sudeste,41-60,5194.41,642,180,1,0.921312,1,0.743028,1,
C03457,F,Nordeste,18-25,2945.45,775,12,1,0.734135,1,0.908871,1,
C03458,F,Sudeste,60+,2069.7,464,144,0,0.172603,0,0.068008,0,
C03459,M,Nordeste,26-40,3383.38,706,54,1,0.672216,1,0.788068,1,
C03460,M,Centro-Oeste,60+,2791.41,526,178,1,0.633753,1,0.282263,0,
C03461,M,Sul,60+,5884.66,739,207,1,0.973725,1,0.857652,1,
C03462,M,Sudeste,18-25,1140.99,601,52,1,0.153013,0,0.225217,0,
C03463,F,Sudeste,26-40,5542.16,627,47,0,0.496731,0,0.667623,1,
C03464,F,Nordeste,18-25,1901.0,686,4,0,0.366206,0,0.685259,1,
C03465,F,Sudeste,18-25,1000.0,431,0,1,0.011692,0,0.037893,0,
C03466,M,Sudeste,26-40,2580.04,626,80,1,0.479059,0,0.508401,1,
C03467,F,Sul,26-40,2367.71,626,52,0,0.440496,0,0.578088,1,
C03468,F,Sudeste,41-60,5721.33,680,184,1,0.970845,1,0.888101,1,
C03469,M,Nordeste,26-40,2258.4,585,109,1,0.524134,1,0.430691,0,
C03470,F,Sul,41-60,5573.55,631,157,1,0.901382,1,0.764933,1,
C03471,F,Nordeste,18-25,2956.64,682,0,1,0.319168,0,0.66155,1,
C03472,M,Sudeste,26-40,1472.32,514,0,0,0.025417,0,0.081897,0,
C03473,M,Nordeste,60+,2893.08,585,221,1,0.871976,1,0.447108,0,
C03474,F,Sudeste,60+,2562.39,636,206,1,0.888678,1,0.537287,1,
C03475,M,Sudeste,26-40,4876.63,768,115,1,0.932134,1,0.909808,1,
C03476,M,Sul,41-60,4637.17,582,156,0,0.71294,1,0.462916,0,
C03477,F,Nordeste,18-25,1000.0,449,0,0,0.015689,0,0.050831,0,
C03478,F,Sudeste,26-40,3660.92,569,6,1,0.147434,0,0.386889,0,
C03479,M,Sudeste,26-40,3790.3,644,85,1,0.615008,1,0.634195,1,
C03480,F,Sudeste,26-40,1988.57,535,5,0,0.089807,0,0.253908,0,
C03481,M,Sudeste,41-60,4799.18,645,187,0,0.895805,1,0.642495,1,
C03482,M,Nordeste,18-25,1000.0,536,10,0,0.078741,0,0.203879,0,
C03483,F,Sul,41-60,4888.86,782,128,1,0.963263,1,0.940415,1,
C03484,M,Nordeste,26-40,6777.45,712,82,1,0.870367,1,0.892882,1,
C03485,F,Centro-Oeste,41-60,4414.04,700,194,1,0.968493,1,0.860516,1,
C03486,F,Sudeste,41-60,4801.51,628,121,1,0.746397,1,0.646376,1,
C03487,M,Sudeste,26-40,1023.3,598,97,0,0.321745,0,0.269798,0,
C03488,F,Nordeste,41-60,5692.07,569,149,1,0.803068,1,0.615436,1,
C03489,M,Nordeste,41-60,1254.69,519,146,0,0.379479,0,0.176379,0,
C03490,F,Centro-Oeste,41-60,4004.09,681,183,1,0.943632,1,0.797061,1,
C03491,M,Sudeste,26-40,2280.53,569,55,1,0.211194,0,0.300779,0,
C03492,M,Sul,60+,1582.97,338,153,0,0.058028,0,0.016817,0,
C03493,M,Nordeste,26-40,2459.02,598,84,0,0.401435,0,0.397931,0,
C03494,F,Sudeste,26-40,1391.67,336,0,1,0.006527,0,0.021023,0,
C03495,M,Nordeste,26-40,3418.25,681,39,0,0.393525,0,0.583916,1,
C03496,F,Sul,41-60,7105.08,632,143,1,0.928636,1,0.855417,1,
C03497,F,Sudeste,41-60,7704.69,568,108,1,0.734665,1,0.68147,1,
C03498,M,Nordeste,26-40,3527.78,734,84,1,0.80849,1,0.828802,1,
C03499,M,Sudeste,60+,1849.16,593,208,0,0.861884,1,0.467595,0,
C03500,M,Sul,18-25,2019.02,682,17,0,0.141945,0,0.326166,0,
C03501,F,Sudeste,41-60,17389.92,718,171,1,0.982047,1,0.947528,1,
C03502,M,Sudeste,26-40,4070.6,631,73,0,0.527578,1,0.594487,1,
C03503,M,Sudeste,41-60,3592.92,566,146,0,0.577611,1,0.339005,0,
C03504,F,Norte,26-40,2944.4,658,37,0,0.487524,0,0.685271,1,
C03505,F,Sudeste,18-25,1278.43,626,19,0,0.08965,0,0.206592,0,
C03506,F,Sudeste,26-40,1809.26,563,30,0,0.11098,0,0.225528,0,
C03507,F,Sudeste,41-60,4154.38,608,98,1,0.557139,1,0.523748,1,
C03508,M,Centro-Oeste,41-60,3884.78,676,174,1,0.810707,1,0.52308,1,
C03509,M,Sudeste,41-60,1959.63,622,130,0,0.660304,1,0.49043,0,
C03510,F,Nordeste,26-40,3097.81,558,77,1,0.492823,0,0.529535,1,
C03511,F,Sudeste,41-60,3860.69,732,125,1,0.927193,1,0.884696,1,
C03512,M,Nordeste,26-40,2602.47,560,78,1,0.195153,0,0.205801,0,
C03513,M,Nordeste,60+,3927.57,627,213,1,0.884477,1,0.50761,1,
C03514,F,Nordeste,18-25,4349.22,799,27,1,0.772909,1,0.910377,1,
C03515,F,Nordeste,60+,5565.38,727,131,1,0.939073,1,0.896944,1,
C03516,F,Nordeste,26-40,3636.12,688,63,1,0.646067,1,0.741043,1,
C03517,M,Sudeste,26-40,2404.83,638,27,1,0.190016,0,0.379527,0,
C03518,F,Sudeste,26-40,1100.02,585,60,0,0.178559,0,0.233459,0,
C03519,M,Nordeste,60+,2430.49,624,227,1,0.954977,1,0.696879,1,
C03520,M,Sudeste,26-40,2490.05,655,65,1,0.286323,0,0.355192,0,
C03521,M,Sudeste,18-25,1417.49,602,23,1,0.152462,0,0.318762,0,
C03522,F,Sudeste,41-60,1908.28,498,132,0,0.22126,0,0.108288,0,
C03523,M,Centro-Oeste,26-40,1817.36,525,11,0,0.060981,0,0.167344,0,
C03524,M,Sudeste,60+,3608.56,473,180,0,0.624858,1,0.267583,0,
C03525,F,Nordeste,26-40,3346.22,556,0,1,0.171193,0,0.449621,0,
C03526,F,Nordeste,41-60,2586.77,580,148,1,0.629324,1,0.388027,0,
C03527,F,Sudeste,26-40,3367.36,590,3,0,0.153624,0,0.410657,0,
C03528,F,Nordeste,26-40,1583.6,482,53,1,0.074986,0,0.1107,0,
C03529,F,Centro-Oeste,18-25,1000.0,524,5,0,0.042778,0,0.125934,0,
C03530,F,Sudeste,41-60,8505.21,766,134,1,0.982683,1,0.970039,1,
C03531,F,Nordeste,26-40,1019.34,483,0,0,0.010873,0,0.034569,0,
C03532,F,Nordeste,26-40,2431.38,697,32,0,0.26492,0,0.45993,0,
C03533,F,Sudeste,41-60,3958.75,706,162,0,0.915717,1,0.782567,1,
C03534,F,Sudeste,26-40,2246.5,647,37,1,0.328965,0,0.521288,1,
C03535,M,Nordeste,41-60,8659.78,874,226,1,0.99871,1,0.990867,1,
C03536,M,Sudeste,26-40,4566.36,520,28,0,0.098489,0,0.210187,0,
C03537,M,Norte,26-40,2364.96,650,54,0,0.317871,0,0.43066,0,
C03538,F,Nordeste,41-60,4837.15,686,128,1,0.920094,1,0.868332,1,
C03539,F,Sudeste,60+,4594.16,695,174,1,0.937534,1,0.805519,1,
C03540,M,Nordeste,26-40,1819.39,529,115,1,0.398942,0,0.283201,0,
C03541,F,Nordeste,41-60,4813.61,800,116,1,0.956704,1,0.941914,1,
C03542,M,Nordeste,18-25,1000.0,585,35,0,0.095085,0,0.178343,0,
C03543,M,Sudeste,18-25,1586.32,688,11,1,0.197747,0,0.450107,0,
C03544,M,Sudeste,18-25,1000.0,594,0,0,0.077932,0,0.234106,0,
C03545,M,Sudeste,26-40,7017.05,652,120,1,0.888273,1,0.840118,1,
C03546,M,Sudeste,26-40,4693.03,667,75,1,0.776466,1,0.820046,1,
C03547,F,Sudeste,26-40,4960.24,789,57,1,0.889608,1,0.937661,1,
C03548,M,Sudeste,26-40,6808.23,690,57,1,0.7847,1,0.869393,1,
C03549,M,Nordeste,41-60,3407.45,488,159,0,0.420228,0,0.17462,0,
C03550,F,Sudeste,26-40,2129.59,649,35,0,0.457727,0,0.658478,1,
C03551,F,Sul,18-25,3055.1,599,2,1,0.274996,0,0.595672,1,
C03552,M,Nordeste,41-60,10996.25,703,180,1,0.977925,1,0.923505,1,
C03553,M,Sul,26-40,2634.8,578,40,0,0.331116,0,0.506662,1,
C03554,M,Nordeste,26-40,1967.63,665,110,0,0.385308,0,0.293095,0,
C03555,M,Norte,18-25,3906.17,661,42,1,0.540354,1,0.718576,1,
C03556,M,Sul,26-40,1879.84,518,34,0,0.097931,0,0.189038,0,
C03557,M,Sudeste,26-40,4135.43,552,60,0,0.124159,0,0.173095,0,
C03558,M,Nordeste,41-60,5337.44,490,160,0,0.463284,0,0.205386,0,
C03559,F,Nordeste,26-40,3221.74,656,58,1,0.543083,1,0.662527,1,
C03560,M,Nordeste,41-60,1602.47,508,162,0,0.249313,0,0.080241,0,
C03561,F,Sudeste,18-25,1000.0,538,17,0,0.059261,0,0.14462,0,
C03562,M,Norte,41-60,7235.22,622,162,0,0.921028,1,0.796283,1,
C03563,M,Sudeste,26-40,10582.34,880,131,1,0.99173,1,0.987268,1,
C03564,F,Nordeste,18-25,1749.93,656,0,1,0.158905,0,0.425797,0,
C03565,F,Sudeste,60+,4298.89,605,139,1,0.788588,1,0.618404,1,
C03566,F,Nordeste,41-60,4633.91,713,89,1,0.871426,1,0.879225,1,
C03567,M,Sudeste,41-60,4718.52,655,195,1,0.944974,1,0.769355,1,
C03568,M,Norte,26-40,2049.44,644,76,1,0.418923,0,0.460609,0,
C03569,M,Sudeste,18-25,1000.0,523,0,0,0.017882,0,0.056976,0,
C03570,F,Sudeste,18-25,1000.0,618,0,0,0.121843,0,0.336841,0,
C03571,M,Nordeste,26-40,1896.57,562,56,0,0.14861,0,0.21292,0,
C03572,F,Sudeste,41-60,3202.9,623,92,0,0.54613,1,0.519981,1,
C03573,F,Sudeste,41-60,8187.62,860,183,1,0.996258,1,0.986478,1,
C03574,M,Norte,41-60,1700.57,436,86,0,0.047198,0,0.040433,0,
C03575,M,Sudeste,41-60,4087.22,552,75,0,0.458012,0,0.508074,1,
C03576,M,Nordeste,41-60,9384.46,733,163,1,0.943945,1,0.851253,1,
C03577,F,Sudeste,60+,1621.64,561,131,0,0.448546,0,0.27421,0,
C03578,M,Sul,26-40,3565.82,721,47,1,0.690441,1,0.820644,1,
C03579,M,Sudeste,41-60,3936.01,569,103,1,0.483628,0,0.424574,0,
C03580,F,Centro-Oeste,26-40,4455.52,738,60,0,0.738756,1,0.822066,1,
C03581,M,Centro-Oeste,41-60,5285.87,743,170,1,0.979461,1,0.935697,1,
C03582,F,Sul,60+,1943.97,593,196,0,0.72308,1,0.298159,0,
C03583,F,Sudeste,41-60,17152.05,833,142,1,0.996379,1,0.99348,1,
C03584,M,Nordeste,26-40,6199.35,791,94,1,0.958103,1,0.960368,1,
C03585,F,Sudeste,41-60,4493.12,632,125,0,0.853814,1,0.77225,1,
C03586,F,Sul,26-40,2456.46,564,4,0,0.084733,0,0.241957,0,
C03587,F,Sudeste,41-60,8387.52,557,149,1,0.843073,1,0.684544,1,
C03588,F,Sul,41-60,4482.44,807,139,1,0.962366,1,0.928518,1,
C03589,M,Sudeste,41-60,4443.74,544,104,0,0.312856,0,0.251064,0,
C03590,M,Nordeste,26-40,4778.47,672,115,1,0.825088,1,0.767098,1,
C03591,F,Nordeste,18-25,1583.13,731,20,0,0.295903,0,0.552831,1,
C03592,M,Norte,26-40,3690.88,580,81,1,0.562276,1,0.589246,1,
C03593,M,Sul,26-40,1000.0,347,19,0,0.00765,0,0.017011,0,
C03594,M,Sul,26-40,1580.0,591,27,0,0.153221,0,0.307273,0,
C03595,M,Nordeste,26-40,2884.71,603,57,1,0.270818,0,0.363631,0,
C03596,M,Sudeste,26-40,5159.69,522,128,1,0.594763,1,0.437559,0,
C03597,M,Sul,26-40,2784.67,618,23,0,0.197199,0,0.406367,0,
C03598,F,Nordeste,41-60,5136.26,662,159,0,0.881386,1,0.710848,1,
C03599,F,Nordeste,18-25,2989.61,753,0,1,0.452521,0,0.781488,1,
C03600,F,Nordeste,60+,1712.08,551,158,0,0.551926,1,0.271491,0,
C03601,F,Sudeste,41-60,5219.17,742,128,1,0.949462,1,0.91767,1,
C03602,F,Sudeste,41-60,4352.12,472,108,1,0.184896,0,0.131065,0,
C03603,M,Sudeste,18-25,1321.95,579,0,1,0.060751,0,0.192279,0,
C03604,M,Sudeste,26-40,4439.55,607,64,0,0.574538,1,0.670618,1,
C03605,F,Sudeste,41-60,3729.01,527,68,0,0.285138,0,0.347891,0,
C03606,M,Nordeste,26-40,1431.04,595,0,0,0.108889,0,0.313492,0,
C03607,M,Sudeste,26-40,1750.45,629,68,1,0.248116,0,0.292304,0,
C03608,F,Sudeste,18-25,2112.33,669,0,1,0.236051,0,0.553907,1,
C03609,F,Sudeste,41-60,7660.14,557,164,0,0.87255,1,0.68372,1,
C03610,F,Norte,60+,1803.97,482,161,0,0.145636,0,0.043409,0,
C03611,F,Nordeste,41-60,5424.1,704,143,1,0.959547,1,0.91609,1,
C03612,F,Sudeste,18-25,1387.76,544,1,0,0.064739,0,0.198343,0,
C03613,M,Nordeste,26-40,2312.92,783,71,1,0.597885,1,0.663018,1,
C03614,F,Centro-Oeste,26-40,1930.32,353,0,0,0.013015,0,0.042855,0,
C03615,M,Sudeste,18-25,2155.81,541,5,0,0.100919,0,0.281178,0,
C03616,M,Nordeste,18-25,1481.11,357,0,0,0.008436,0,0.026182,0,
C03617,M,Norte,26-40,2690.05,691,78,0,0.631939,1,0.662948,1,
C03618,F,Centro-Oeste,41-60,2792.3,529,143,0,0.503185,1,0.286624,0,
C03619,F,Sudeste,26-40,4301.15,714,78,1,0.817868,1,0.850919,1,
C03620,F,Sul,60+,5030.72,618,183,0,0.908715,1,0.697795,1,
C03621,F,Sudeste,18-25,1068.33,575,0,0,0.026822,0,0.086311,0,
C03622,F,Nordeste,26-40,1423.62,512,16,0,0.071849,0,0.17699,0,
C03623,M,Sul,26-40,2103.71,531,107,0,0.277056,0,0.208035,0,
C03624,M,Norte,41-60,3661.59,554,166,1,0.803715,1,0.53921,1,
C03625,M,Sudeste,26-40,2014.72,518,37,0,0.116753,0,0.205746,0,
C03626,M,Sudeste,41-60,3931.55,473,96,0,0.316551,0,0.279708,0,
C03627,M,Sudeste,60+,4833.32,578,189,1,0.86329,1,0.565256,1,
C03628,F,Sudeste,18-25,3196.0,786,0,1,0.615899,1,0.87651,1,
C03629,F,Nordeste,41-60,4949.1,595,112,1,0.683709,1,0.604283,1,
C03630,F,Sudeste,26-40,1829.48,508,62,1,0.11196,0,0.146962,0,
C03631,F,Sudeste,41-60,14771.38,822,173,1,0.992627,1,0.97813,1,
C03632,F,Sudeste,26-40,1697.69,558,40,0,0.081367,0,0.1426,0,
C03633,F,Norte,26-40,1683.82,618,39,1,0.31174,0,0.483418,0,
C03634,M,Nordeste,41-60,3733.45,477,115,1,0.352723,0,0.252087,0,
C03635,M,Sudeste,26-40,1541.15,551,62,0,0.185593,0,0.238617,0,
C03636,F,Sul,26-40,2976.38,601,9,1,0.302306,0,0.600634,1,
C03637,M,Sudeste,60+,2694.46,674,228,0,0.967025,1,0.764092,1,
C03638,F,Nordeste,26-40,3364.6,795,49,1,0.788985,1,0.884723,1,
C03639,M,Nordeste,60+,3254.37,663,210,1,0.928742,1,0.659573,1,
C03640,F,Nordeste,41-60,1726.97,435,62,0,0.061839,0,0.079483,0,
C03641,F,Sudeste,41-60,3965.85,618,86,1,0.501509,1,0.515716,1,
C03642,M,Sul,41-60,3767.52,568,118,0,0.378938,0,0.264038,0,
C03643,F,Sudeste,26-40,3038.81,642,58,0,0.529739,1,0.647609,1,
C03644,M,Nordeste,26-40,2937.78,519,88,1,0.199923,0,0.18408,0,
C03645,M,Nordeste,41-60,4983.77,767,207,1,0.980423,1,0.895319,1,
C03646,F,Centro-Oeste,41-60,3870.21,515,121,0,0.257904,0,0.159761,0,
C03647,F,Nordeste,18-25,1419.37,551,0,0,0.035078,0,0.112121,0,
C03648,M,Sudeste,26-40,4158.47,595,51,1,0.464959,0,0.614091,1,
C03649,F,Sudeste,26-40,1744.26,650,64,1,0.431257,0,0.517883,1,
C03650,F,Sul,41-60,5957.27,604,105,1,0.466446,0,0.401413,0,
C03651,M,Norte,41-60,2095.52,614,105,0,0.638032,1,0.565289,1,
C03652,M,Sudeste,26-40,2017.58,640,71,1,0.51318,1,0.573942,1,
C03653,F,Sul,26-40,2891.35,640,61,1,0.568086,1,0.670487,1,
C03654,F,Centro-Oeste,18-25,1310.9,460,0,0,0.018947,0,0.0598,0,
C03655,M,Sudeste,26-40,2117.33,459,73,0,0.088091,0,0.094386,0,
C03656,F,Sudeste,18-25,1899.11,548,0,0,0.10656,0,0.308647,0,
C03657,F,Nordeste,26-40,2400.5,586,24,0,0.063484,0,0.146544,0,
C03658,M,Sudeste,41-60,6685.64,835,226,1,0.9971,1,0.978795,1,
C03659,M,Nordeste,60+,1599.96,711,212,1,0.946418,1,0.709719,1,
C03660,M,Sul,60+,2497.74,758,244,1,0.984445,1,0.848947,1,
C03661,M,Nordeste,26-40,1235.17,557,60,0,0.155347,0,0.204275,0,
C03662,F,Norte,18-25,1449.44,582,18,0,0.123334,0,0.282101,0,
C03663,F,Nordeste,41-60,2218.86,475,79,1,0.07811,0,0.077612,0,
C03664,M,Sul,26-40,2376.49,444,123,0,0.241107,0,0.140464,0,
C03665,M,Sul,26-40,1266.44,378,33,0,0.021107,0,0.040565,0,
C03666,M,Sul,41-60,2567.34,491,94,0,0.152809,0,0.126035,0,
C03667,M,Nordeste,41-60,2747.19,573,149,0,0.671256,1,0.429212,0,
C03668,M,Nordeste,26-40,4407.06,690,83,1,0.831092,1,0.851181,1,
C03669,M,Centro-Oeste,41-60,6729.4,738,194,1,0.976336,1,0.897628,1,
C03670,F,Centro-Oeste,18-25,1449.79,681,15,0,0.248623,0,0.504771,1,
C03671,F,Sudeste,18-25,1038.17,583,0,0,0.027928,0,0.089764,0,
C03672,M,Sudeste,41-60,3454.66,767,164,1,0.958383,1,0.882762,1,
C03673,M,Norte,26-40,5057.06,760,122,1,0.944954,1,0.918522,1,
C03674,F,Sudeste,41-60,4843.98,649,113,0,0.595137,1,0.499331,0,
C03675,F,Nordeste,41-60,3732.52,567,71,1,0.285015,0,0.341605,0,
C03676,M,Nordeste,26-40,2715.43,594,62,1,0.521911,1,0.617551,1,
C03677,M,Sudeste,41-60,6897.51,757,209,1,0.992412,1,0.956837,1,
C03678,M,Centro-Oeste,60+,3071.58,593,173,0,0.81557,1,0.531702,1,
C03679,M,Nordeste,41-60,5267.25,664,168,1,0.942883,1,0.833158,1,
C03680,M,Norte,26-40,3034.2,700,111,1,0.781286,1,0.721268,1,
C03681,M,Sudeste,26-40,6132.07,724,66,1,0.853236,1,0.902695,1,
C03682,M,Nordeste,26-40,7793.32,594,100,1,0.728278,1,0.704583,1,
C03683,F,Sul,41-60,3567.52,572,133,1,0.664094,1,0.489906,0,
C03684,F,Nordeste,26-40,3843.14,556,19,1,0.247803,0,0.493888,0,
C03685,F,Sul,41-60,3174.96,533,153,0,0.725293,1,0.475315,0,
C03686,M,Sudeste,26-40,3500.03,550,30,0,0.222935,0,0.413678,0,
C03687,M,Nordeste,26-40,3634.63,615,50,0,0.392347,0,0.545221,1,
C03688,F,Sudeste,26-40,2167.86,648,36,1,0.328935,0,0.52454,1,
C03689,M,Norte,60+,1733.7,660,170,1,0.684157,1,0.352839,0,
C03690,M,Sudeste,26-40,1625.11,630,66,0,0.442432,0,0.517173,1,
C03691,F,Nordeste,18-25,1444.44,677,0,0,0.209438,0,0.508109,1,
C03692,M,Centro-Oeste,26-40,3728.75,605,68,0,0.485632,0,0.567803,1,
C03693,M,Nordeste,41-60,5834.2,677,106,1,0.892938,1,0.872723,1,
C03694,F,Norte,41-60,3957.28,606,114,0,0.511779,1,0.402105,0,
C03695,F,Centro-Oeste,41-60,4412.58,647,75,1,0.585781,1,0.646186,1,
C03696,F,Sudeste,41-60,4095.21,595,87,1,0.689812,1,0.696659,1,
C03697,M,Nordeste,26-40,2338.94,565,54,0,0.280452,0,0.388898,0,
C03698,M,Sudeste,60+,1000.0,433,208,0,0.45039,0,0.091413,0,
C03699,F,Nordeste,18-25,1781.94,566,0,1,0.086628,0,0.262659,0,
C03700,M,Sudeste,60+,6027.16,727,240,1,0.992181,1,0.927513,1,
C03701,F,Nordeste,41-60,7722.29,660,71,1,0.790714,1,0.84625,1,
C03702,F,Nordeste,18-25,2281.68,643,0,0,0.314728,0,0.647157,1,
C03703,F,Sudeste,41-60,8940.55,617,124,1,0.878012,1,0.817603,1,
C03704,F,Sudeste,18-25,1000.0,467,0,0,0.027891,0,0.088658,0,
C03705,M,Nordeste,60+,2958.73,664,211,1,0.944399,1,0.711416,1,
C03706,M,Sudeste,60+,4913.1,698,183,1,0.944217,1,0.803157,1,
C03707,M,Sul,26-40,6285.03,718,131,1,0.944534,1,0.906344,1,
C03708,M,Norte,41-60,3717.31,610,160,1,0.845964,1,0.640098,1,
C03709,M,Sudeste,26-40,8906.42,686,50,1,0.756616,1,0.866436,1,
C03710,F,Sudeste,41-60,5345.19,663,139,0,0.862594,1,0.750711,1,
C03711,F,Centro-Oeste,26-40,1435.0,606,90,0,0.341066,0,0.318034,0,
C03712,M,Centro-Oeste,60+,3421.89,715,161,1,0.910435,1,0.772315,1,
C03713,M,Sudeste,26-40,2784.23,614,64,0,0.452724,0,0.545488,1,
C03714,M,Sul,26-40,3271.75,618,90,1,0.717157,1,0.712272,1,
C03715,M,Sudeste,18-25,1134.58,584,0,1,0.068708,0,0.211668,0,
C03716,F,Norte,26-40,1704.22,475,0,0,0.041511,0,0.133972,0,
C03717,F,Sudeste,26-40,1123.41,516,48,0,0.038213,0,0.058357,0,
C03718,F,Sul,41-60,5554.69,543,123,1,0.659032,1,0.530182,1,
C03719,F,Sudeste,60+,1983.46,427,119,0,0.107579,0,0.05776,0,
C03720,F,Centro-Oeste,60+,2708.98,586,190,1,0.839321,1,0.502218,1,
C03721,F,Sul,41-60,6144.47,771,224,1,0.995269,1,0.965532,1,
C03722,F,Nordeste,41-60,7493.65,749,77,1,0.880731,1,0.910753,1,
C03723,F,Sudeste,41-60,1746.33,432,126,1,0.118857,0,0.057348,0,
C03724,M,Sudeste,26-40,1123.69,429,50,0,0.015961,0,0.022914,0,
C03725,M,Sudeste,41-60,3269.62,625,86,0,0.524434,1,0.535151,1,
C03726,M,Nordeste,60+,3253.84,618,172,1,0.886959,1,0.675718,1,
C03727,M,Sudeste,18-25,4645.78,607,0,0,0.121077,0,0.353923,0,
C03728,F,Centro-Oeste,41-60,4619.0,658,125,0,0.845327,1,0.763203,1,
C03729,F,Sudeste,26-40,2304.89,587,0,0,0.133711,0,0.374871,0,
C03730,F,Sudeste,60+,1943.98,531,148,1,0.619345,1,0.366152,0,
C03731,F,Centro-Oeste,41-60,6111.12,636,139,0,0.851206,1,0.7326,1,
C03732,M,Sul,26-40,3979.61,715,81,1,0.813113,1,0.839717,1,
C03733,F,Sul,26-40,5904.36,636,38,0,0.545521,1,0.740051,1,
C03734,M,Sudeste,41-60,3141.33,599,176,1,0.840399,1,0.564395,1,
C03735,M,Nordeste,18-25,1048.95,390,43,0,0.012776,0,0.019967,0,
C03736,F,Sudeste,26-40,3176.3,564,56,0,0.443517,0,0.564312,1,
C03737,F,Sudeste,26-40,3181.35,592,103,0,0.598468,1,0.538196,1,
C03738,M,Sudeste,41-60,3882.96,713,185,0,0.967903,1,0.874166,1,
C03739,M,Sudeste,26-40,1000.0,492,0,0,0.010031,0,0.032039,0,
C03740,F,Norte,18-25,3142.94,638,27,0,0.29104,0,0.523013,1,
C03741,M,Norte,26-40,1502.24,560,76,0,0.198641,0,0.21482,0,
C03742,M,Norte,26-40,3926.48,706,85,1,0.856641,1,0.870362,1,
C03743,F,Sudeste,26-40,2236.06,492,0,0,0.057592,0,0.184094,0,
C03744,F,Sul,26-40,4972.62,781,108,1,0.960212,1,0.952319,1,
C03745,M,Sudeste,41-60,3145.95,813,239,1,0.991381,1,0.920693,1,
C03746,F,Sudeste,26-40,1786.44,489,0,0,0.075133,0,0.226896,0,
C03747,F,Nordeste,18-25,1799.06,635,45,0,0.241778,0,0.378023,0,
C03748,M,Nordeste,41-60,4661.37,705,135,0,0.946494,1,0.90122,1,
C03749,F,Norte,60+,2944.81,658,189,1,0.924453,1,0.715055,1,
C03750,M,Sudeste,26-40,5700.2,725,85,1,0.895681,1,0.909688,1,
C03751,F,Sudeste,26-40,3184.28,601,0,0,0.093092,0,0.282301,0,
C03752,M,Sudeste,26-40,1302.77,488,0,0,0.032936,0,0.106768,0,
C03753,M,Sudeste,26-40,3513.56,676,70,0,0.61554,1,0.689972,1,
C03754,M,Sudeste,26-40,6099.8,661,67,0,0.500796,1,0.591987,1,
C03755,M,Norte,26-40,2700.62,678,98,1,0.818693,1,0.797342,1,
C03756,M,Sudeste,41-60,3172.52,587,146,1,0.755366,1,0.54889,1,
C03757,M,Nordeste,26-40,3990.57,728,83,1,0.80933,1,0.832928,1,
C03758,F,Sudeste,41-60,10175.07,765,165,1,0.973727,1,0.92924,1,
C03759,M,Norte,41-60,6825.8,715,128,1,0.911885,1,0.861197,1,
C03760,M,Sul,26-40,3592.96,661,58,1,0.493616,0,0.619786,1,
C03761,M,Sul,26-40,5019.97,704,74,1,0.573133,1,0.635719,1,
C03762,M,Sudeste,18-25,4515.77,738,55,0,0.577812,1,0.707912,1,
C03763,M,Sudeste,18-25,1731.6,669,55,1,0.410153,0,0.534142,1,
C03764,M,Centro-Oeste,41-60,3101.63,573,176,0,0.803001,1,0.497158,0,
C03765,F,Sul,41-60,2263.25,462,76,0,0.10171,0,0.105033,0,
C03766,M,Sudeste,26-40,2158.02,480,13,0,0.029425,0,0.079041,0,
C03767,M,Sudeste,26-40,3972.47,626,63,1,0.63205,1,0.724545,1,
C03768,F,Sudeste,18-25,1309.94,744,23,1,0.33588,0,0.584001,1,
C03769,M,Sudeste,26-40,4887.96,635,98,1,0.855412,1,0.841783,1,
C03770,F,Sudeste,41-60,3521.41,665,141,1,0.864464,1,0.740769,1,
C03771,M,Sudeste,18-25,1000.0,524,38,0,0.085165,0,0.150935,0,
C03772,F,Sudeste,41-60,3636.82,520,104,0,0.311799,0,0.253866,0,
C03773,F,Sudeste,26-40,2034.76,578,62,0,0.213113,0,0.269156,0,
C03774,M,Sudeste,41-60,4995.26,748,155,1,0.963469,1,0.910593,1,
C03775,M,Sudeste,26-40,1864.31,519,54,0,0.059441,0,0.085882,0,
C03776,F,Sudeste,18-25,1000.0,530,9,0,0.03071,0,0.083801,0,
C03777,M,Nordeste,41-60,4956.3,623,170,0,0.789156,1,0.504035,1,
C03778,M,Centro-Oeste,18-25,2206.14,634,33,1,0.33408,0,0.540793,1,
C03779,M,Centro-Oeste,26-40,1741.18,644,95,0,0.606897,1,0.571351,1,
C03780,F,Nordeste,18-25,1166.73,649,26,1,0.062292,0,0.136233,0,
C03781,F,Sudeste,41-60,11351.08,819,170,1,0.988734,1,0.96755,1,
C03782,M,Sul,41-60,6824.2,649,157,1,0.928404,1,0.825929,1,
C03783,F,Sul,26-40,2221.42,594,51,0,0.269601,0,0.389673,0,
C03784,F,Sul,26-40,4030.97,691,62,0,0.693661,1,0.784751,1,
C03785,F,Centro-Oeste,26-40,3256.2,667,80,1,0.614241,1,0.651212,1,
C03786,F,Nordeste,41-60,1870.94,557,96,1,0.362816,0,0.317855,0,
C03787,M,Sudeste,18-25,3146.62,709,48,1,0.661598,1,0.795065,1,
C03788,F,Sudeste,26-40,1915.52,590,39,0,0.281806,0,0.44708,0,
C03789,M,Sudeste,26-40,1281.98,329,11,0,0.002478,0,0.006374,0,
C03790,F,Nordeste,60+,2008.92,518,145,0,0.530262,1,0.295179,0,
C03791,M,Centro-Oeste,26-40,4580.88,861,84,1,0.954361,1,0.963216,1,
C03792,M,Centro-Oeste,41-60,6218.31,660,169,1,0.951833,1,0.856324,1,
C03793,M,Sudeste,41-60,3555.85,683,172,0,0.862565,1,0.622897,1,
C03794,M,Nordeste,41-60,2361.11,469,136,1,0.324223,0,0.168896,0,
C03795,M,Sudeste,60+,5260.35,714,204,1,0.97347,1,0.865392,1,
C03796,F,Centro-Oeste,26-40,2425.05,567,27,0,0.062417,0,0.137477,0,
C03797,M,Centro-Oeste,41-60,2426.47,514,161,0,0.452614,0,0.186846,0,
C03798,F,Nordeste,41-60,2228.89,566,127,0,0.493479,0,0.332203,0,
C03799,M,Centro-Oeste,26-40,3412.88,702,75,0,0.766081,1,0.809515,1,
C03800,M,Sudeste,18-25,1087.99,715,67,1,0.531223,1,0.602577,1,
C03801,M,Sudeste,18-25,3454.35,754,66,1,0.820806,1,0.87574,1,
C03802,M,Nordeste,41-60,6172.01,596,128,1,0.764212,1,0.644476,1,
C03803,F,Centro-Oeste,41-60,4009.09,672,123,1,0.839047,1,0.759357,1,
C03804,F,Nordeste,26-40,1674.59,604,13,0,0.077717,0,0.198915,0,
C03805,F,Sul,26-40,4337.5,780,70,1,0.874217,1,0.912124,1,
C03806,M,Sudeste,18-25,1078.24,512,55,0,0.053146,0,0.072269,0,
C03807,F,Nordeste,18-25,1000.0,450,0,0,0.006103,0,0.019258,0,
C03808,F,Sul,41-60,3543.17,772,132,1,0.948086,1,0.908849,1,
C03809,F,Nordeste,60+,1806.43,663,162,0,0.827435,1,0.591514,1,
C03810,F,Nordeste,18-25,2484.72,635,0,0,0.104075,0,0.306942,0,
C03811,F,Nordeste,41-60,5358.15,664,158,1,0.895838,1,0.75332,1,
C03812,F,Sul,60+,4218.06,657,201,0,0.857353,1,0.500125,1,
C03813,F,Sul,26-40,4437.64,605,68,0,0.398715,0,0.471339,0,
C03814,M,Sudeste,18-25,2961.21,670,15,0,0.411671,0,0.695662,1,
C03815,M,Nordeste,60+,2114.11,664,240,0,0.965731,1,0.714639,1,
C03816,M,Centro-Oeste,18-25,2731.37,746,25,1,0.6788,1,0.858713,1,
C03817,M,Nordeste,26-40,2371.69,626,59,0,0.299417,0,0.399645,0,
C03818,M,Sudeste,26-40,3148.87,665,49,1,0.38973,0,0.549516,1,
C03819,M,Sudeste,18-25,1583.06,574,4,0,0.051576,0,0.153358,0,
C03820,M,Sudeste,41-60,3097.06,575,156,1,0.819285,1,0.601877,1,
C03821,M,Sudeste,18-25,2158.3,668,29,1,0.263523,0,0.476107,0,
C03822,M,Nordeste,18-25,2811.85,627,43,1,0.249603,0,0.404242,0,
C03823,M,Sudeste,41-60,2570.14,413,102,0,0.118512,0,0.083417,0,
C03824,F,Sudeste,41-60,4098.4,500,97,0,0.427982,0,0.385858,0,
C03825,F,Centro-Oeste,26-40,4504.21,724,98,1,0.815201,1,0.804685,1,
C03826,F,Nordeste,26-40,3145.42,653,35,1,0.293175,0,0.495789,0,
C03827,F,Sul,26-40,1680.07,442,0,0,0.008998,0,0.029407,0,
C03828,M,Sudeste,26-40,2745.08,604,107,0,0.38852,0,0.305717,0,
C03829,F,Sudeste,41-60,5068.96,645,150,1,0.895291,1,0.772568,1,
C03830,F,Norte,18-25,1436.55,580,10,1,0.074888,0,0.203979,0,
C03831,M,Sudeste,26-40,1372.39,534,102,0,0.260308,0,0.201063,0,
C03832,M,Sul,18-25,1519.86,649,1,0,0.17751,0,0.450647,0,
C03833,M,Sudeste,26-40,4289.51,639,83,1,0.642111,1,0.669678,1,
C03834,M,Sudeste,26-40,2032.13,666,98,1,0.601858,1,0.56064,1,
C03835,F,Sul,41-60,4964.42,665,134,0,0.870834,1,0.776862,1,
C03836,M,Sudeste,41-60,4222.37,466,125,0,0.235494,0,0.134566,0,
C03837,M,Centro-Oeste,26-40,4562.54,769,42,1,0.832097,1,0.920196,1,
C03838,M,Sul,18-25,1235.44,612,63,0,0.25568,0,0.31979,0,
C03839,M,Sudeste,41-60,3934.7,688,179,0,0.968972,1,0.886653,1,
C03840,F,Sul,26-40,4637.25,770,146,1,0.965902,1,0.926875,1,
C03841,M,Sudeste,41-60,3696.42,447,144,0,0.202936,0,0.085111,0,
C03842,M,Nordeste,18-25,2617.99,655,27,1,0.223774,0,0.420875,0,
C03843,F,Sul,26-40,1987.15,761,44,1,0.685279,1,0.819347,1,
C03844,F,Nordeste,26-40,2975.02,614,30,1,0.272885,0,0.484426,0,
C03845,M,Sudeste,41-60,5272.61,662,131,1,0.897492,1,0.826397,1,
C03846,M,Sudeste,18-25,2700.09,598,0,0,0.220025,0,0.527839,1,
C03847,F,Nordeste,26-40,3757.41,579,101,1,0.536781,1,0.485383,0,
C03848,F,Sudeste,26-40,4419.71,672,53,0,0.398185,0,0.538607,1,
C03849,F,Nordeste,18-25,1913.15,538,0,1,0.076079,0,0.234811,0,
C03850,F,Nordeste,26-40,4531.94,698,0,1,0.522104,1,0.826764,1,
C03851,M,Nordeste,18-25,1886.74,499,8,0,0.028661,0,0.082743,0,
C03852,M,Nordeste,60+,3533.89,582,217,1,0.740779,1,0.259051,0,
C03853,F,Nordeste,60+,3928.85,661,220,1,0.949498,1,0.697415,1,
C03854,M,Norte,41-60,4449.83,634,88,1,0.559075,1,0.569793,1,
C03855,F,Sul,26-40,4378.13,654,37,0,0.516338,1,0.716485,1,
C03856,F,Nordeste,18-25,1430.11,563,0,0,0.055001,0,0.176267,0,
C03857,F,Sul,18-25,1000.0,643,3,0,0.229289,0,0.512607,1,
C03858,M,Centro-Oeste,26-40,1797.65,590,64,0,0.102733,0,0.130485,0,
C03859,F,Sudeste,26-40,6734.97,872,120,1,0.990566,1,0.98723,1,
C03860,F,Sul,41-60,6450.23,704,172,1,0.944073,1,0.832793,1,
C03861,M,Nordeste,60+,5280.2,577,197,0,0.848989,1,0.494205,0,
C03862,M,Sudeste,26-40,2555.05,568,92,0,0.367389,0,0.332526,0,
C03863,M,Sudeste,18-25,2455.51,559,0,0,0.131413,0,0.368216,0,
C03864,M,Centro-Oeste,41-60,2952.77,546,124,0,0.609187,1,0.458728,0,
C03865,M,Sudeste,26-40,5293.02,764,102,1,0.95385,1,0.949388,1,
C03866,M,Norte,26-40,1638.64,545,62,0,0.21576,0,0.274991,0,
C03867,M,Nordeste,26-40,2335.1,645,67,0,0.506727,1,0.586937,1,
C03868,M,Sul,41-60,6262.38,586,179,0,0.739654,1,0.40129,0,
C03869,M,Nordeste,41-60,4531.35,525,219,0,0.867953,1,0.448624,0,
C03870,M,Sul,26-40,3502.93,749,98,1,0.91256,1,0.906108,1,
C03871,M,Nordeste,41-60,2865.74,615,170,1,0.836311,1,0.580281,1,
C03872,M,Sudeste,41-60,4140.14,577,69,0,0.234275,0,0.28402,0,
C03873,M,Nordeste,26-40,4395.69,765,102,1,0.930901,1,0.923255,1,
C03874,F,Norte,26-40,3208.15,540,49,0,0.140957,0,0.21892,0,
C03875,M,Sudeste,41-60,5051.46,639,128,0,0.82306,1,0.723108,1,
C03876,M,Sudeste,26-40,4719.94,681,112,1,0.846854,1,0.8025,1,
C03877,M,Sudeste,18-25,2318.58,740,15,0,0.373299,0,0.663559,1,
C03878,F,Nordeste,41-60,6611.78,602,68,1,0.396119,0,0.489697,0,
C03879,F,Sudeste,26-40,1122.14,477,45,0,0.063742,0,0.102961,0,
C03880,F,Sudeste,41-60,1214.59,440,128,0,0.060083,0,0.026424,0,
C03881,M,Nordeste,26-40,3539.88,695,69,1,0.769664,1,0.826629,1,
C03882,M,Norte,60+,6078.07,779,185,1,0.989583,1,0.959287,1,
C03883,M,Sul,60+,3783.13,709,180,1,0.953579,1,0.836085,1,
C03884,M,Sudeste,41-60,3332.19,673,169,1,0.921928,1,0.772173,1,
C03885,F,Sudeste,26-40,1860.84,627,66,1,0.396697,0,0.472889,0,
C03886,F,Sul,26-40,5544.27,679,16,1,0.398103,0,0.6933,1,
C03887,M,Sul,41-60,1701.51,506,82,0,0.176881,0,0.175036,0,
C03888,F,Centro-Oeste,26-40,8067.54,821,92,1,0.938957,1,0.945926,1,
C03889,M,Sul,26-40,3257.04,694,82,1,0.755034,1,0.780198,1,
C03890,F,Sudeste,41-60,3857.08,845,148,1,0.976882,1,0.949277,1,
C03891,M,Sudeste,60+,2861.3,569,228,0,0.912386,1,0.522985,1,
C03892,F,Sul,41-60,4113.18,586,165,0,0.829775,1,0.592451,1,
C03893,F,Sudeste,18-25,1849.92,716,43,0,0.492613,0,0.666151,1,
C03894,F,Sul,26-40,2161.97,563,0,0,0.070406,0,0.215639,0,
C03895,M,Nordeste,60+,3964.17,671,202,1,0.951431,1,0.771649,1,
C03896,M,Nordeste,26-40,2756.55,586,43,0,0.148827,0,0.249081,0,
C03897,M,Sudeste,26-40,2849.44,575,0,1,0.087629,0,0.264488,0,
C03898,M,Sul,26-40,3042.04,747,141,0,0.939003,1,0.876482,1,
C03899,M,Sudeste,41-60,17710.16,742,146,1,0.985436,1,0.971163,1,
C03900,F,Nordeste,26-40,2464.91,682,52,0,0.405196,0,0.537994,1,
C03901,M,Norte,26-40,3884.38,608,50,0,0.416675,0,0.570729,1,
C03902,F,Centro-Oeste,26-40,2019.95,505,23,0,0.067035,0,0.148738,0,
C03903,M,Sudeste,26-40,2396.34,588,68,0,0.413005,0,0.482601,0,
C03904,M,Nordeste,18-25,1775.53,542,28,0,0.08776,0,0.186204,0,
C03905,M,Sudeste,26-40,2474.11,527,46,0,0.115198,0,0.192212,0,
C03906,F,Nordeste,41-60,4283.74,548,68,0,0.418856,0,0.496618,0,
C03907,M,Sudeste,26-40,3057.25,668,67,0,0.695365,1,0.765966,1,
C03908,M,Nordeste,26-40,1938.24,500,10,1,0.09552,0,0.247993,0,
C03909,M,Nordeste,26-40,2408.97,546,56,1,0.147016,0,0.213047,0,
C03910,M,Sudeste,26-40,7434.84,535,40,0,0.118822,0,0.222312,0,
C03911,M,Sudeste,26-40,1819.2,604,15,0,0.200428,0,0.431137,0,
C03912,F,Sudeste,18-25,1000.0,578,0,0,0.082169,0,0.243083,0,
C03913,M,Nordeste,18-25,1971.13,750,78,1,0.793857,1,0.822911,1,
C03914,F,Nordeste,41-60,1495.53,572,51,0,0.269643,0,0.378652,0,
C03915,F,Sudeste,26-40,1577.9,448,10,0,0.012667,0,0.035154,0,
C03916,M,Centro-Oeste,26-40,3418.34,646,17,1,0.415706,0,0.692613,1,
C03917,F,Nordeste,18-25,1645.05,727,51,0,0.550459,1,0.688034,1,
C03918,F,Centro-Oeste,41-60,3521.91,624,131,1,0.842328,1,0.733148,1,
C03919,M,Sudeste,18-25,3056.11,815,51,1,0.707994,1,0.828429,1,
C03920,F,Sudeste,41-60,1779.91,575,100,0,0.343946,0,0.288008,0,
C03921,M,Sudeste,41-60,5155.26,668,162,1,0.896315,1,0.742037,1,
C03922,M,Sudeste,26-40,3343.89,682,105,1,0.681664,1,0.630381,1,
C03923,M,Sudeste,26-40,4770.5,654,115,1,0.639071,1,0.538134,1,
C03924,F,Nordeste,41-60,3260.95,641,176,1,0.872621,1,0.633401,1,
C03925,F,Nordeste,26-40,2186.86,647,71,0,0.541953,1,0.604497,1,
C03926,F,Sudeste,26-40,4717.35,760,69,1,0.753615,1,0.82235,1,
C03927,M,Sudeste,41-60,3638.74,570,179,0,0.850827,1,0.571954,1,
C03928,M,Sudeste,41-60,3032.23,592,163,0,0.618249,1,0.316377,0,
C03929,M,Norte,18-25,1940.96,537,30,0,0.040867,0,0.085839,0,
C03930,F,Norte,41-60,2936.78,633,119,0,0.765096,1,0.666965,1,
C03931,M,Norte,18-25,1853.98,564,61,0,0.175227,0,0.233029,0,
C03932,F,Sudeste,26-40,5499.18,698,29,0,0.27783,0,0.506575,1,
C03933,F,Sul,18-25,1655.41,517,53,0,0.090678,0,0.129574,0,
C03934,M,Sudeste,26-40,2661.33,636,102,1,0.618366,1,0.564328,1,
C03935,F,Sudeste,41-60,8840.35,705,153,0,0.956409,1,0.900086,1,
C03936,F,Sudeste,26-40,3597.29,607,0,0,0.164592,0,0.445949,0,
C03937,M,Nordeste,26-40,1690.01,669,38,0,0.333416,0,0.518731,1,
C03938,F,Nordeste,18-25,1575.33,496,0,0,0.018014,0,0.058872,0,
C03939,M,Sul,26-40,3317.78,569,36,0,0.315456,0,0.508682,1,
C03940,F,Nordeste,18-25,1000.0,358,0,0,0.001797,0,0.005464,0,
C03941,M,Nordeste,26-40,4075.4,534,84,1,0.536731,1,0.548744,1,
C03942,M,Sudeste,18-25,2362.78,691,38,0,0.482763,0,0.677019,1,
C03943,M,Centro-Oeste,18-25,1619.44,679,69,0,0.513611,1,0.582105,1,
C03944,M,Sudeste,26-40,3462.73,608,77,0,0.58927,1,0.632591,1,
C03945,M,Sudeste,26-40,1781.76,568,100,1,0.244302,0,0.199085,0,
C03946,M,Sul,26-40,1682.15,467,10,1,0.038938,0,0.109398,0,
C03947,F,Sul,41-60,3859.09,523,80,1,0.353862,0,0.377374,0,
C03948,F,Sudeste,26-40,2379.35,523,1,0,0.077846,0,0.23861,0,
C03949,F,Sudeste,41-60,6186.99,666,116,1,0.875318,1,0.831172,1,
C03950,F,Sudeste,41-60,5649.12,789,131,1,0.974897,1,0.957737,1,
C03951,F,Sul,18-25,1180.49,454,0,0,0.008093,0,0.02585,0,
C03952,F,Sul,26-40,2356.25,663,63,1,0.583706,1,0.676087,1,
C03953,M,Centro-Oeste,18-25,3516.05,577,0,0,0.185238,0,0.477231,0,
C03954,M,Sul,60+,1833.67,586,219,0,0.79094,1,0.297524,0,
C03955,F,Sudeste,41-60,2233.95,477,137,0,0.277251,0,0.137765,0,
C03956,F,Nordeste,41-60,2919.35,600,55,0,0.335376,0,0.457145,0,
C03957,M,Sudeste,26-40,3986.0,738,118,1,0.881678,1,0.834625,1,
C03958,F,Sudeste,60+,3231.09,630,174,1,0.9352,1,0.78873,1,
C03959,M,Nordeste,26-40,8968.45,763,116,1,0.960227,1,0.948426,1,
C03960,F,Sul,18-25,2086.49,599,0,0,0.050176,0,0.162948,0,
C03961,M,Sudeste,26-40,2806.45,480,44,0,0.153601,0,0.252676,0,
C03962,M,Sudeste,18-25,1414.12,704,47,1,0.385456,0,0.539954,1,
C03963,F,Nordeste,18-25,3177.35,671,1,0,0.273525,0,0.607311,1,
C03964,F,Centro-Oeste,26-40,3296.31,607,43,0,0.224903,0,0.36118,0,
C03965,M,Nordeste,26-40,4512.8,632,57,0,0.527523,1,0.656122,1,
C03966,F,Centro-Oeste,18-25,1744.46,688,9,1,0.312085,0,0.610665,1,
C03967,M,Sudeste,41-60,3240.48,552,130,0,0.605806,1,0.434514,0,
C03968,M,Sudeste,26-40,3613.05,676,128,1,0.736746,1,0.596389,1,
C03969,F,Norte,41-60,7635.8,720,164,0,0.982824,1,0.951506,1,
C03970,F,Nordeste,41-60,6768.38,893,206,1,0.996371,1,0.981204,1,
C03971,M,Sul,41-60,7599.57,697,232,1,0.989015,1,0.912018,1,
C03972,M,Sul,26-40,2350.93,625,49,0,0.142293,0,0.223423,0,
C03973,M,Sudeste,41-60,4599.39,575,131,0,0.548095,1,0.372186,0,
C03974,M,Nordeste,26-40,6430.44,591,58,1,0.553773,1,0.678522,1,
C03975,F,Sudeste,18-25,1502.45,545,0,0,0.058665,0,0.185706,0,
C03976,M,Sul,26-40,2392.45,571,40,0,0.204862,0,0.345557,0,
C03977,M,Sul,26-40,1771.08,407,17,0,0.015038,0,0.036978,0,
C03978,F,Sudeste,18-25,2636.41,528,9,1,0.115768,0,0.302238,0,
C03979,F,Centro-Oeste,41-60,8087.16,552,114,0,0.819471,1,0.760587,1,
C03980,M,Nordeste,26-40,2093.73,705,50,1,0.520894,1,0.667848,1,
C03981,M,Sudeste,26-40,2317.26,685,59,1,0.373517,0,0.475977,0,
C03982,F,Nordeste,26-40,1459.67,520,8,0,0.082603,0,0.222276,0,
C03983,F,Norte,26-40,3241.26,738,93,1,0.850489,1,0.84902,1,
C03984,F,Sudeste,26-40,4317.68,577,76,1,0.506821,1,0.557172,1,
C03985,M,Nordeste,41-60,5323.3,541,158,0,0.565369,1,0.292047,0,
C03986,M,Norte,60+,10244.33,852,242,1,0.999122,1,0.992018,1,
C03987,F,Sudeste,26-40,2449.87,536,43,1,0.205255,0,0.331932,0,
C03988,F,Centro-Oeste,41-60,9391.38,703,156,1,0.956582,1,0.896521,1,
C03989,M,Sul,41-60,6548.3,737,131,0,0.959479,1,0.93168,1,
C03990,M,Sudeste,18-25,1429.55,586,0,1,0.110216,0,0.31542,0,
C03991,F,Sudeste,26-40,3267.29,605,0,1,0.275045,0,0.605526,1,
C03992,F,Sudeste,41-60,3140.63,553,129,0,0.445202,0,0.289115,0,
C03993,F,Nordeste,41-60,1099.4,306,61,0,0.003619,0,0.004118,0,
C03994,F,Sudeste,41-60,3553.63,664,104,1,0.721461,1,0.676199,1,
C03995,F,Norte,41-60,4678.85,629,89,1,0.683111,1,0.689507,1,
C03996,M,Sudeste,26-40,2992.98,538,43,0,0.129493,0,0.225815,0,
C03997,F,Sudeste,41-60,3879.32,651,108,1,0.543903,1,0.462202,0,
C03998,F,Sul,41-60,6189.06,700,195,1,0.970734,1,0.871047,1,
C03999,M,Norte,18-25,2696.78,659,11,0,0.404528,0,0.69986,1,
C04000,M,Sudeste,26-40,4629.05,627,91,0,0.632735,1,0.631803,1,
